Exercício;"Município";"Poder";"Órgão";"UO";"UE";"Mod. de Licitação";"Função de Governo";"Subfunção de Governo";"Programa";"Ação";"Fonte de Recurso";"Cód. Aplicação - Fixo";"Cód. Aplicação - Variável";"Categoria";"Grupo";"Modalidade";"Elemento";"Subelemento";"ID Credor";"Nome do Credor";"Nr. Empenho";Ano Empenho;"Histórico / Descrição do Empenho";Dt. Emissão;Vl. Empenhado;Vl. Reforço;Vl. Anulação;Vl. Liquidado;Vl. Pago
2019;"Itu";"EXECUTIVO";"PREFEITURA MUNICIPAL DE ITU";"SECRETARIA MUNICIPAL DE EDUCAÇÃO";"EDUCAÇÃO INFANTIL";"OUTROS/NÃO APLICÁVEL";"12 - EDUCAÇÃO";"365 - EDUCAÇÃO INFANTIL";"2012 - ITU - CONSTRUINDO O FUTURO HOJE";"02230 - GESTAO DE RECURSOS HUMANOS";"02 - TRANSFERÊNCIAS E CONVÊNIOS ESTADUAIS-VINCULADOS";"271 - EDUCAÇÃO-FUNDEB-MAGISTÉRIO - CRECHE";"00000 - CÓDIGO DE APLICAÇÃO NÃO CONTÉM/INFORMOU PARTE VARIÁVEL";"30000000 - DESPESAS CORRENTES";"31000000 - PESSOAL E ENCARGOS SOCIAIS";"31900000 - APLICAÇÕES DIRETAS";"31900500 - OUTROS BENEFÍCIOS PREVIDENCIÁRIOS DO SERVIDOR OU DO MILITAR";"31900501 - SALÁRIO FAMÍLIA - ATIVO - PESSOAL CIVIL";"INSCRIÇÃO GENÉRICA-OUTROS:56854";"FOLHA DE PAGAMENTO";"236";2019;"FOLHA DE PAGAMENTO - 2019 ";2019/01/02 00:00:00.000;50000,0;0,0;50000,0;0,0;0,0
2019;"Itu";"EXECUTIVO";"PREFEITURA MUNICIPAL DE ITU";"SECRETARIA MUNICIPAL DE EDUCAÇÃO";"EDUCAÇÃO INFANTIL";"OUTROS/NÃO APLICÁVEL";"12 - EDUCAÇÃO";"365 - EDUCAÇÃO INFANTIL";"2012 - ITU - CONSTRUINDO O FUTURO HOJE";"02230 - GESTAO DE RECURSOS HUMANOS";"02 - TRANSFERÊNCIAS E CONVÊNIOS ESTADUAIS-VINCULADOS";"271 - EDUCAÇÃO-FUNDEB-MAGISTÉRIO - CRECHE";"00000 - CÓDIGO DE APLICAÇÃO NÃO CONTÉM/INFORMOU PARTE VARIÁVEL";"30000000 - DESPESAS CORRENTES";"31000000 - PESSOAL E ENCARGOS SOCIAIS";"31900000 - APLICAÇÕES DIRETAS";"31901100 - VENCIMENTOS E VANTAGENS FIXAS -  PESSOAL CIVIL";"31901101 - VENCIMENTOS E SALÁRIOS";"INSCRIÇÃO GENÉRICA-OUTROS:56854";"FOLHA DE PAGAMENTO";"247";2019;"FOLHA DE PAGAMENTO - 2019 ";2019/01/02 00:00:00.000;6960000,0;1473093,58;500000,0;7933093,58;7933093,58
2019;"Itu";"EXECUTIVO";"PREFEITURA MUNICIPAL DE ITU";"SECRETARIA MUNICIPAL DE EDUCAÇÃO";"EDUCAÇÃO INFANTIL";"OUTROS/NÃO APLICÁVEL";"12 - EDUCAÇÃO";"365 - EDUCAÇÃO INFANTIL";"2012 - ITU - CONSTRUINDO O FUTURO HOJE";"02230 - GESTAO DE RECURSOS HUMANOS";"02 - TRANSFERÊNCIAS E CONVÊNIOS ESTADUAIS-VINCULADOS";"271 - EDUCAÇÃO-FUNDEB-MAGISTÉRIO - CRECHE";"00000 - CÓDIGO DE APLICAÇÃO NÃO CONTÉM/INFORMOU PARTE VARIÁVEL";"30000000 - DESPESAS CORRENTES";"31000000 - PESSOAL E ENCARGOS SOCIAIS";"31900000 - APLICAÇÕES DIRETAS";"31901100 - VENCIMENTOS E VANTAGENS FIXAS -  PESSOAL CIVIL";"31901102 - FÉRIAS CONVERTIDAS EM PECÚNIA";"INSCRIÇÃO GENÉRICA-OUTROS:56854";"FOLHA DE PAGAMENTO";"248";2019;"FOLHA DE PAGAMENTO - 2019 ";2019/01/02 00:00:00.000;5000,0;0,0;5000,0;0,0;0,0
2019;"Itu";"EXECUTIVO";"PREFEITURA MUNICIPAL DE ITU";"SECRETARIA MUNICIPAL DE EDUCAÇÃO";"EDUCAÇÃO INFANTIL";"OUTROS/NÃO APLICÁVEL";"12 - EDUCAÇÃO";"365 - EDUCAÇÃO INFANTIL";"2012 - ITU - CONSTRUINDO O FUTURO HOJE";"02230 - GESTAO DE RECURSOS HUMANOS";"02 - TRANSFERÊNCIAS E CONVÊNIOS ESTADUAIS-VINCULADOS";"271 - EDUCAÇÃO-FUNDEB-MAGISTÉRIO - CRECHE";"00000 - CÓDIGO DE APLICAÇÃO NÃO CONTÉM/INFORMOU PARTE VARIÁVEL";"30000000 - DESPESAS CORRENTES";"31000000 - PESSOAL E ENCARGOS SOCIAIS";"31900000 - APLICAÇÕES DIRETAS";"31901100 - VENCIMENTOS E VANTAGENS FIXAS -  PESSOAL CIVIL";"31901131 - GRATIFICAÇÕES POR EXERCÍCIO DE CARGO";"INSCRIÇÃO GENÉRICA-OUTROS:56854";"FOLHA DE PAGAMENTO";"249";2019;"FOLHA DE PAGAMENTO - 2019 ";2019/01/02 00:00:00.000;40000,0;0,0;3479,81;36520,19;36520,19
2019;"Itu";"EXECUTIVO";"PREFEITURA MUNICIPAL DE ITU";"SECRETARIA MUNICIPAL DE EDUCAÇÃO";"EDUCAÇÃO INFANTIL";"OUTROS/NÃO APLICÁVEL";"12 - EDUCAÇÃO";"365 - EDUCAÇÃO INFANTIL";"2012 - ITU - CONSTRUINDO O FUTURO HOJE";"02230 - GESTAO DE RECURSOS HUMANOS";"02 - TRANSFERÊNCIAS E CONVÊNIOS ESTADUAIS-VINCULADOS";"271 - EDUCAÇÃO-FUNDEB-MAGISTÉRIO - CRECHE";"00000 - CÓDIGO DE APLICAÇÃO NÃO CONTÉM/INFORMOU PARTE VARIÁVEL";"30000000 - DESPESAS CORRENTES";"31000000 - PESSOAL E ENCARGOS SOCIAIS";"31900000 - APLICAÇÕES DIRETAS";"31901100 - VENCIMENTOS E VANTAGENS FIXAS -  PESSOAL CIVIL";"31901133 - GRATIFICAÇÃO POR EXERCÍCIO DE FUNÇÕES";"INSCRIÇÃO GENÉRICA-OUTROS:56854";"FOLHA DE PAGAMENTO";"250";2019;"FOLHA DE PAGAMENTO - 2019 ";2019/01/02 00:00:00.000;110000,0;500000,0;75576,26;534423,74;534423,74
2019;"Itu";"EXECUTIVO";"PREFEITURA MUNICIPAL DE ITU";"SECRETARIA MUNICIPAL DE EDUCAÇÃO";"EDUCAÇÃO INFANTIL";"OUTROS/NÃO APLICÁVEL";"12 - EDUCAÇÃO";"365 - EDUCAÇÃO INFANTIL";"2012 - ITU - CONSTRUINDO O FUTURO HOJE";"02230 - GESTAO DE RECURSOS HUMANOS";"02 - TRANSFERÊNCIAS E CONVÊNIOS ESTADUAIS-VINCULADOS";"271 - EDUCAÇÃO-FUNDEB-MAGISTÉRIO - CRECHE";"00000 - CÓDIGO DE APLICAÇÃO NÃO CONTÉM/INFORMOU PARTE VARIÁVEL";"30000000 - DESPESAS CORRENTES";"31000000 - PESSOAL E ENCARGOS SOCIAIS";"31900000 - APLICAÇÕES DIRETAS";"31901100 - VENCIMENTOS E VANTAGENS FIXAS -  PESSOAL CIVIL";"31901137 - GRATIFICAÇÃO POR TEMPO DE SERVIÇO";"INSCRIÇÃO GENÉRICA-OUTROS:56854";"FOLHA DE PAGAMENTO";"251";2019;"FOLHA DE PAGAMENTO - 2019 ";2019/01/02 00:00:00.000;310000,0;0,0;5636,09;304363,91;304363,91
2019;"Itu";"EXECUTIVO";"PREFEITURA MUNICIPAL DE ITU";"SECRETARIA MUNICIPAL DE EDUCAÇÃO";"EDUCAÇÃO INFANTIL";"OUTROS/NÃO APLICÁVEL";"12 - EDUCAÇÃO";"365 - EDUCAÇÃO INFANTIL";"2012 - ITU - CONSTRUINDO O FUTURO HOJE";"02230 - GESTAO DE RECURSOS HUMANOS";"02 - TRANSFERÊNCIAS E CONVÊNIOS ESTADUAIS-VINCULADOS";"271 - EDUCAÇÃO-FUNDEB-MAGISTÉRIO - CRECHE";"00000 - CÓDIGO DE APLICAÇÃO NÃO CONTÉM/INFORMOU PARTE VARIÁVEL";"30000000 - DESPESAS CORRENTES";"31000000 - PESSOAL E ENCARGOS SOCIAIS";"31900000 - APLICAÇÕES DIRETAS";"31901100 - VENCIMENTOS E VANTAGENS FIXAS -  PESSOAL CIVIL";"31901143 - 13º SALÁRIO";"INSCRIÇÃO GENÉRICA-OUTROS:56854";"FOLHA DE PAGAMENTO";"252";2019;"FOLHA DE PAGAMENTO - 2019 ";2019/01/02 00:00:00.000;470000,0;0,0;470000,0;0,0;0,0
2019;"Itu";"EXECUTIVO";"PREFEITURA MUNICIPAL DE ITU";"SECRETARIA MUNICIPAL DE EDUCAÇÃO";"EDUCAÇÃO INFANTIL";"OUTROS/NÃO APLICÁVEL";"12 - EDUCAÇÃO";"365 - EDUCAÇÃO INFANTIL";"2012 - ITU - CONSTRUINDO O FUTURO HOJE";"02230 - GESTAO DE RECURSOS HUMANOS";"02 - TRANSFERÊNCIAS E CONVÊNIOS ESTADUAIS-VINCULADOS";"271 - EDUCAÇÃO-FUNDEB-MAGISTÉRIO - CRECHE";"00000 - CÓDIGO DE APLICAÇÃO NÃO CONTÉM/INFORMOU PARTE VARIÁVEL";"30000000 - DESPESAS CORRENTES";"31000000 - PESSOAL E ENCARGOS SOCIAIS";"31900000 - APLICAÇÕES DIRETAS";"31901100 - VENCIMENTOS E VANTAGENS FIXAS -  PESSOAL CIVIL";"31901199 - OUTRAS DESPESAS FIXAS - PESSOAL CIVIL";"INSCRIÇÃO GENÉRICA-OUTROS:56854";"FOLHA DE PAGAMENTO";"253";2019;"FOLHA DE PAGAMENTO - 2019 ";2019/01/02 00:00:00.000;5000,0;0,0;5000,0;0,0;0,0
2019;"Itu";"EXECUTIVO";"PREFEITURA MUNICIPAL DE ITU";"SECRETARIA MUNICIPAL DE EDUCAÇÃO";"EDUCAÇÃO INFANTIL";"OUTROS/NÃO APLICÁVEL";"12 - EDUCAÇÃO";"365 - EDUCAÇÃO INFANTIL";"2012 - ITU - CONSTRUINDO O FUTURO HOJE";"02230 - GESTAO DE RECURSOS HUMANOS";"02 - TRANSFERÊNCIAS E CONVÊNIOS ESTADUAIS-VINCULADOS";"271 - EDUCAÇÃO-FUNDEB-MAGISTÉRIO - CRECHE";"00000 - CÓDIGO DE APLICAÇÃO NÃO CONTÉM/INFORMOU PARTE VARIÁVEL";"30000000 - DESPESAS CORRENTES";"31000000 - PESSOAL E ENCARGOS SOCIAIS";"31900000 - APLICAÇÕES DIRETAS";"31901300 - OBRIGAÇÕES PATRONAIS";"31901301 - FGTS";"INSCRIÇÃO GENÉRICA-OUTROS:56852";"FUNDO DE GARANTIA POR TEMPO DE SERVICO";"55";2019;"CONTRIBUICAO PATRONAL - 2019 ";2019/01/02 00:00:00.000;75000,0;8577,62;0,0;83577,62;75000,0
2019;"Itu";"EXECUTIVO";"PREFEITURA MUNICIPAL DE ITU";"SECRETARIA MUNICIPAL DE EDUCAÇÃO";"EDUCAÇÃO INFANTIL";"OUTROS/NÃO APLICÁVEL";"12 - EDUCAÇÃO";"365 - EDUCAÇÃO INFANTIL";"2012 - ITU - CONSTRUINDO O FUTURO HOJE";"02230 - GESTAO DE RECURSOS HUMANOS";"02 - TRANSFERÊNCIAS E CONVÊNIOS ESTADUAIS-VINCULADOS";"271 - EDUCAÇÃO-FUNDEB-MAGISTÉRIO - CRECHE";"00000 - CÓDIGO DE APLICAÇÃO NÃO CONTÉM/INFORMOU PARTE VARIÁVEL";"30000000 - DESPESAS CORRENTES";"31000000 - PESSOAL E ENCARGOS SOCIAIS";"31900000 - APLICAÇÕES DIRETAS";"31901300 - OBRIGAÇÕES PATRONAIS";"31901302 - CONTRIBUIÇÕES PREVIDENCIÁRIAS - INSS";"INSCRIÇÃO GENÉRICA-OUTROS:08060";"I.N.S.S. - INSTITUTO NACIONAL SEGURO SOCIAL";"91";2019;"CONTRIBUICAO PATRONAL - 2019 ";2019/01/02 00:00:00.000;115000,0;15990,99;0,0;130990,99;115000,0
2019;"Itu";"EXECUTIVO";"PREFEITURA MUNICIPAL DE ITU";"SECRETARIA MUNICIPAL DE EDUCAÇÃO";"EDUCAÇÃO INFANTIL";"OUTROS/NÃO APLICÁVEL";"12 - EDUCAÇÃO";"365 - EDUCAÇÃO INFANTIL";"2012 - ITU - CONSTRUINDO O FUTURO HOJE";"02230 - GESTAO DE RECURSOS HUMANOS";"02 - TRANSFERÊNCIAS E CONVÊNIOS ESTADUAIS-VINCULADOS";"271 - EDUCAÇÃO-FUNDEB-MAGISTÉRIO - CRECHE";"00000 - CÓDIGO DE APLICAÇÃO NÃO CONTÉM/INFORMOU PARTE VARIÁVEL";"30000000 - DESPESAS CORRENTES";"31000000 - PESSOAL E ENCARGOS SOCIAIS";"31900000 - APLICAÇÕES DIRETAS";"31901600 - OUTRAS DESPESAS VARIÁVEIS - PESSOAL CIVIL";"31901699 - OUTRAS DESPESAS VARIÁVEIS - PESSOAL CIVIL";"INSCRIÇÃO GENÉRICA-OUTROS:56854";"FOLHA DE PAGAMENTO";"261";2019;"FOLHA DE PAGAMENTO - 2019 ";2019/01/02 00:00:00.000;630000,0;0,0;164987,81;465012,19;465012,19
2019;"Itu";"EXECUTIVO";"PREFEITURA MUNICIPAL DE ITU";"SECRETARIA MUNICIPAL DE EDUCAÇÃO";"EDUCAÇÃO INFANTIL";"OUTROS/NÃO APLICÁVEL";"12 - EDUCAÇÃO";"365 - EDUCAÇÃO INFANTIL";"2012 - ITU - CONSTRUINDO O FUTURO HOJE";"02230 - GESTAO DE RECURSOS HUMANOS";"02 - TRANSFERÊNCIAS E CONVÊNIOS ESTADUAIS-VINCULADOS";"271 - EDUCAÇÃO-FUNDEB-MAGISTÉRIO - CRECHE";"00000 - CÓDIGO DE APLICAÇÃO NÃO CONTÉM/INFORMOU PARTE VARIÁVEL";"30000000 - DESPESAS CORRENTES";"31000000 - PESSOAL E ENCARGOS SOCIAIS";"31900000 - APLICAÇÕES DIRETAS";"31909400 - INDENIZAÇÕES E RESTITUIÇÕES TRABALHISTAS";"31909415 - INDENIZAÇÕES POR DEMISSÃO";"INSCRIÇÃO GENÉRICA-OUTROS:56854";"FOLHA DE PAGAMENTO";"264";2019;"FOLHA DE PAGAMENTO - 2019 ";2019/01/02 00:00:00.000;1000,0;0,0;1000,0;0,0;0,0
2019;"Itu";"EXECUTIVO";"PREFEITURA MUNICIPAL DE ITU";"SECRETARIA MUNICIPAL DE EDUCAÇÃO";"EDUCAÇÃO INFANTIL";"OUTROS/NÃO APLICÁVEL";"12 - EDUCAÇÃO";"365 - EDUCAÇÃO INFANTIL";"2012 - ITU - CONSTRUINDO O FUTURO HOJE";"02230 - GESTAO DE RECURSOS HUMANOS";"02 - TRANSFERÊNCIAS E CONVÊNIOS ESTADUAIS-VINCULADOS";"271 - EDUCAÇÃO-FUNDEB-MAGISTÉRIO - CRECHE";"00000 - CÓDIGO DE APLICAÇÃO NÃO CONTÉM/INFORMOU PARTE VARIÁVEL";"30000000 - DESPESAS CORRENTES";"31000000 - PESSOAL E ENCARGOS SOCIAIS";"31910000 - APLICAÇÃO DIRETA DECORRENTE DE OPERAÇÃO ENTRE ÓRGÃOS, FUNDOS E ENTIDADES INTEGRANTES DOS ORÇAMENTOS FISCAL E DA SEGURIDADE SOCIAL ";"31911300 - OBRIGAÇÕES PATRONAIS - INTRA-ORÇAMENTÁRIO";"31911341 - CONTRIBUIÇÃO PATRONAL DO EXERCÍCIO PARA O RPPS - PESSOAL CIVIL ATIVO - INTRA-ORÇAMENTÁRIO";"INSCRIÇÃO GENÉRICA-OUTROS:62300";"INSTITUTO PREVID SOCIAL SERV MUN ITU-ITUPREV";"20";2019;"CONTRIBUICAO PATRONAL - 2019 ";2019/01/02 00:00:00.000;1000000,0;491559,41;0,0;1491559,41;1192133,07
2019;"Itu";"EXECUTIVO";"PREFEITURA MUNICIPAL DE ITU";"SECRETARIA MUNICIPAL DE EDUCAÇÃO";"EDUCAÇÃO INFANTIL";"OUTROS/NÃO APLICÁVEL";"12 - EDUCAÇÃO";"365 - EDUCAÇÃO INFANTIL";"2012 - ITU - CONSTRUINDO O FUTURO HOJE";"02230 - GESTAO DE RECURSOS HUMANOS";"02 - TRANSFERÊNCIAS E CONVÊNIOS ESTADUAIS-VINCULADOS";"273 - EDUCAÇÃO-FUNDEB-OUTROS - CRECHE";"00000 - CÓDIGO DE APLICAÇÃO NÃO CONTÉM/INFORMOU PARTE VARIÁVEL";"30000000 - DESPESAS CORRENTES";"31000000 - PESSOAL E ENCARGOS SOCIAIS";"31900000 - APLICAÇÕES DIRETAS";"31900500 - OUTROS BENEFÍCIOS PREVIDENCIÁRIOS DO SERVIDOR OU DO MILITAR";"31900501 - SALÁRIO FAMÍLIA - ATIVO - PESSOAL CIVIL";"INSCRIÇÃO GENÉRICA-OUTROS:56854";"FOLHA DE PAGAMENTO";"237";2019;"FOLHA DE PAGAMENTO - 2019 ";2019/01/02 00:00:00.000;60000,0;0,0;60000,0;0,0;0,0
2019;"Itu";"EXECUTIVO";"PREFEITURA MUNICIPAL DE ITU";"SECRETARIA MUNICIPAL DE EDUCAÇÃO";"EDUCAÇÃO INFANTIL";"OUTROS/NÃO APLICÁVEL";"12 - EDUCAÇÃO";"365 - EDUCAÇÃO INFANTIL";"2012 - ITU - CONSTRUINDO O FUTURO HOJE";"02230 - GESTAO DE RECURSOS HUMANOS";"02 - TRANSFERÊNCIAS E CONVÊNIOS ESTADUAIS-VINCULADOS";"273 - EDUCAÇÃO-FUNDEB-OUTROS - CRECHE";"00000 - CÓDIGO DE APLICAÇÃO NÃO CONTÉM/INFORMOU PARTE VARIÁVEL";"30000000 - DESPESAS CORRENTES";"31000000 - PESSOAL E ENCARGOS SOCIAIS";"31900000 - APLICAÇÕES DIRETAS";"31901100 - VENCIMENTOS E VANTAGENS FIXAS -  PESSOAL CIVIL";"31901101 - VENCIMENTOS E SALÁRIOS";"INSCRIÇÃO GENÉRICA-OUTROS:56854";"FOLHA DE PAGAMENTO";"254";2019;"FOLHA DE PAGAMENTO - 2019 ";2019/01/02 00:00:00.000;1714000,0;1531562,04;0,0;3245562,04;3245562,04
2019;"Itu";"EXECUTIVO";"PREFEITURA MUNICIPAL DE ITU";"SECRETARIA MUNICIPAL DE EDUCAÇÃO";"EDUCAÇÃO INFANTIL";"OUTROS/NÃO APLICÁVEL";"12 - EDUCAÇÃO";"365 - EDUCAÇÃO INFANTIL";"2012 - ITU - CONSTRUINDO O FUTURO HOJE";"02230 - GESTAO DE RECURSOS HUMANOS";"02 - TRANSFERÊNCIAS E CONVÊNIOS ESTADUAIS-VINCULADOS";"273 - EDUCAÇÃO-FUNDEB-OUTROS - CRECHE";"00000 - CÓDIGO DE APLICAÇÃO NÃO CONTÉM/INFORMOU PARTE VARIÁVEL";"30000000 - DESPESAS CORRENTES";"31000000 - PESSOAL E ENCARGOS SOCIAIS";"31900000 - APLICAÇÕES DIRETAS";"31901100 - VENCIMENTOS E VANTAGENS FIXAS -  PESSOAL CIVIL";"31901131 - GRATIFICAÇÕES POR EXERCÍCIO DE CARGO";"INSCRIÇÃO GENÉRICA-OUTROS:56854";"FOLHA DE PAGAMENTO";"255";2019;"FOLHA DE PAGAMENTO - 2019 ";2019/01/02 00:00:00.000;1000,0;0,0;1000,0;0,0;0,0
2019;"Itu";"EXECUTIVO";"PREFEITURA MUNICIPAL DE ITU";"SECRETARIA MUNICIPAL DE EDUCAÇÃO";"EDUCAÇÃO INFANTIL";"OUTROS/NÃO APLICÁVEL";"12 - EDUCAÇÃO";"365 - EDUCAÇÃO INFANTIL";"2012 - ITU - CONSTRUINDO O FUTURO HOJE";"02230 - GESTAO DE RECURSOS HUMANOS";"02 - TRANSFERÊNCIAS E CONVÊNIOS ESTADUAIS-VINCULADOS";"273 - EDUCAÇÃO-FUNDEB-OUTROS - CRECHE";"00000 - CÓDIGO DE APLICAÇÃO NÃO CONTÉM/INFORMOU PARTE VARIÁVEL";"30000000 - DESPESAS CORRENTES";"31000000 - PESSOAL E ENCARGOS SOCIAIS";"31900000 - APLICAÇÕES DIRETAS";"31901100 - VENCIMENTOS E VANTAGENS FIXAS -  PESSOAL CIVIL";"31901133 - GRATIFICAÇÃO POR EXERCÍCIO DE FUNÇÕES";"INSCRIÇÃO GENÉRICA-OUTROS:56854";"FOLHA DE PAGAMENTO";"256";2019;"FOLHA DE PAGAMENTO - 2019 ";2019/01/02 00:00:00.000;52000,0;0,0;18256,94;33743,06;33743,06
2019;"Itu";"EXECUTIVO";"PREFEITURA MUNICIPAL DE ITU";"SECRETARIA MUNICIPAL DE EDUCAÇÃO";"EDUCAÇÃO INFANTIL";"OUTROS/NÃO APLICÁVEL";"12 - EDUCAÇÃO";"365 - EDUCAÇÃO INFANTIL";"2012 - ITU - CONSTRUINDO O FUTURO HOJE";"02230 - GESTAO DE RECURSOS HUMANOS";"02 - TRANSFERÊNCIAS E CONVÊNIOS ESTADUAIS-VINCULADOS";"273 - EDUCAÇÃO-FUNDEB-OUTROS - CRECHE";"00000 - CÓDIGO DE APLICAÇÃO NÃO CONTÉM/INFORMOU PARTE VARIÁVEL";"30000000 - DESPESAS CORRENTES";"31000000 - PESSOAL E ENCARGOS SOCIAIS";"31900000 - APLICAÇÕES DIRETAS";"31901100 - VENCIMENTOS E VANTAGENS FIXAS -  PESSOAL CIVIL";"31901137 - GRATIFICAÇÃO POR TEMPO DE SERVIÇO";"INSCRIÇÃO GENÉRICA-OUTROS:56854";"FOLHA DE PAGAMENTO";"257";2019;"FOLHA DE PAGAMENTO - 2019 ";2019/01/02 00:00:00.000;75000,0;0,0;9585,68;65414,32;65414,32
2019;"Itu";"EXECUTIVO";"PREFEITURA MUNICIPAL DE ITU";"SECRETARIA MUNICIPAL DE EDUCAÇÃO";"EDUCAÇÃO INFANTIL";"OUTROS/NÃO APLICÁVEL";"12 - EDUCAÇÃO";"365 - EDUCAÇÃO INFANTIL";"2012 - ITU - CONSTRUINDO O FUTURO HOJE";"02230 - GESTAO DE RECURSOS HUMANOS";"02 - TRANSFERÊNCIAS E CONVÊNIOS ESTADUAIS-VINCULADOS";"273 - EDUCAÇÃO-FUNDEB-OUTROS - CRECHE";"00000 - CÓDIGO DE APLICAÇÃO NÃO CONTÉM/INFORMOU PARTE VARIÁVEL";"30000000 - DESPESAS CORRENTES";"31000000 - PESSOAL E ENCARGOS SOCIAIS";"31900000 - APLICAÇÕES DIRETAS";"31901100 - VENCIMENTOS E VANTAGENS FIXAS -  PESSOAL CIVIL";"31901143 - 13º SALÁRIO";"INSCRIÇÃO GENÉRICA-OUTROS:56854";"FOLHA DE PAGAMENTO";"258";2019;"FOLHA DE PAGAMENTO - 2019 ";2019/01/02 00:00:00.000;130000,0;0,0;130000,0;0,0;0,0
2019;"Itu";"EXECUTIVO";"PREFEITURA MUNICIPAL DE ITU";"SECRETARIA MUNICIPAL DE EDUCAÇÃO";"EDUCAÇÃO INFANTIL";"OUTROS/NÃO APLICÁVEL";"12 - EDUCAÇÃO";"365 - EDUCAÇÃO INFANTIL";"2012 - ITU - CONSTRUINDO O FUTURO HOJE";"02230 - GESTAO DE RECURSOS HUMANOS";"02 - TRANSFERÊNCIAS E CONVÊNIOS ESTADUAIS-VINCULADOS";"273 - EDUCAÇÃO-FUNDEB-OUTROS - CRECHE";"00000 - CÓDIGO DE APLICAÇÃO NÃO CONTÉM/INFORMOU PARTE VARIÁVEL";"30000000 - DESPESAS CORRENTES";"31000000 - PESSOAL E ENCARGOS SOCIAIS";"31900000 - APLICAÇÕES DIRETAS";"31901100 - VENCIMENTOS E VANTAGENS FIXAS -  PESSOAL CIVIL";"31901199 - OUTRAS DESPESAS FIXAS - PESSOAL CIVIL";"INSCRIÇÃO GENÉRICA-OUTROS:56854";"FOLHA DE PAGAMENTO";"259";2019;"FOLHA DE PAGAMENTO - 2019 ";2019/01/02 00:00:00.000;28000,0;25000,0;12399,97;40600,03;40600,03
2019;"Itu";"EXECUTIVO";"PREFEITURA MUNICIPAL DE ITU";"SECRETARIA MUNICIPAL DE EDUCAÇÃO";"EDUCAÇÃO INFANTIL";"OUTROS/NÃO APLICÁVEL";"12 - EDUCAÇÃO";"365 - EDUCAÇÃO INFANTIL";"2012 - ITU - CONSTRUINDO O FUTURO HOJE";"02230 - GESTAO DE RECURSOS HUMANOS";"02 - TRANSFERÊNCIAS E CONVÊNIOS ESTADUAIS-VINCULADOS";"273 - EDUCAÇÃO-FUNDEB-OUTROS - CRECHE";"00000 - CÓDIGO DE APLICAÇÃO NÃO CONTÉM/INFORMOU PARTE VARIÁVEL";"30000000 - DESPESAS CORRENTES";"31000000 - PESSOAL E ENCARGOS SOCIAIS";"31900000 - APLICAÇÕES DIRETAS";"31901300 - OBRIGAÇÕES PATRONAIS";"31901301 - FGTS";"INSCRIÇÃO GENÉRICA-OUTROS:56852";"FUNDO DE GARANTIA POR TEMPO DE SERVICO";"56";2019;"CONTRIBUICAO PATRONAL - 2019 ";2019/01/02 00:00:00.000;50000,0;0,0;15271,09;34728,91;30261,24
2019;"Itu";"EXECUTIVO";"PREFEITURA MUNICIPAL DE ITU";"SECRETARIA MUNICIPAL DE EDUCAÇÃO";"EDUCAÇÃO INFANTIL";"OUTROS/NÃO APLICÁVEL";"12 - EDUCAÇÃO";"365 - EDUCAÇÃO INFANTIL";"2012 - ITU - CONSTRUINDO O FUTURO HOJE";"02230 - GESTAO DE RECURSOS HUMANOS";"02 - TRANSFERÊNCIAS E CONVÊNIOS ESTADUAIS-VINCULADOS";"273 - EDUCAÇÃO-FUNDEB-OUTROS - CRECHE";"00000 - CÓDIGO DE APLICAÇÃO NÃO CONTÉM/INFORMOU PARTE VARIÁVEL";"30000000 - DESPESAS CORRENTES";"31000000 - PESSOAL E ENCARGOS SOCIAIS";"31900000 - APLICAÇÕES DIRETAS";"31901300 - OBRIGAÇÕES PATRONAIS";"31901302 - CONTRIBUIÇÕES PREVIDENCIÁRIAS - INSS";"INSCRIÇÃO GENÉRICA-OUTROS:08060";"I.N.S.S. - INSTITUTO NACIONAL SEGURO SOCIAL";"92";2019;"CONTRIBUICAO PATRONAL - 2019 ";2019/01/02 00:00:00.000;290000,0;7274,64;0,0;297274,64;279590,44
2019;"Itu";"EXECUTIVO";"PREFEITURA MUNICIPAL DE ITU";"SECRETARIA MUNICIPAL DE EDUCAÇÃO";"EDUCAÇÃO INFANTIL";"OUTROS/NÃO APLICÁVEL";"12 - EDUCAÇÃO";"365 - EDUCAÇÃO INFANTIL";"2012 - ITU - CONSTRUINDO O FUTURO HOJE";"02230 - GESTAO DE RECURSOS HUMANOS";"02 - TRANSFERÊNCIAS E CONVÊNIOS ESTADUAIS-VINCULADOS";"273 - EDUCAÇÃO-FUNDEB-OUTROS - CRECHE";"00000 - CÓDIGO DE APLICAÇÃO NÃO CONTÉM/INFORMOU PARTE VARIÁVEL";"30000000 - DESPESAS CORRENTES";"31000000 - PESSOAL E ENCARGOS SOCIAIS";"31900000 - APLICAÇÕES DIRETAS";"31901600 - OUTRAS DESPESAS VARIÁVEIS - PESSOAL CIVIL";"31901699 - OUTRAS DESPESAS VARIÁVEIS - PESSOAL CIVIL";"INSCRIÇÃO GENÉRICA-OUTROS:56854";"FOLHA DE PAGAMENTO";"262";2019;"FOLHA DE PAGAMENTO - 2019 ";2019/01/02 00:00:00.000;20000,0;0,0;17391,09;2608,91;2608,91
2019;"Itu";"EXECUTIVO";"PREFEITURA MUNICIPAL DE ITU";"SECRETARIA MUNICIPAL DE EDUCAÇÃO";"EDUCAÇÃO INFANTIL";"OUTROS/NÃO APLICÁVEL";"12 - EDUCAÇÃO";"365 - EDUCAÇÃO INFANTIL";"2012 - ITU - CONSTRUINDO O FUTURO HOJE";"02230 - GESTAO DE RECURSOS HUMANOS";"02 - TRANSFERÊNCIAS E CONVÊNIOS ESTADUAIS-VINCULADOS";"273 - EDUCAÇÃO-FUNDEB-OUTROS - CRECHE";"00000 - CÓDIGO DE APLICAÇÃO NÃO CONTÉM/INFORMOU PARTE VARIÁVEL";"30000000 - DESPESAS CORRENTES";"31000000 - PESSOAL E ENCARGOS SOCIAIS";"31900000 - APLICAÇÕES DIRETAS";"31909400 - INDENIZAÇÕES E RESTITUIÇÕES TRABALHISTAS";"31909415 - INDENIZAÇÕES POR DEMISSÃO";"INSCRIÇÃO GENÉRICA-OUTROS:56854";"FOLHA DE PAGAMENTO";"265";2019;"FOLHA DE PAGAMENTO - 2019 ";2019/01/02 00:00:00.000;1000,0;0,0;1000,0;0,0;0,0
2019;"Itu";"EXECUTIVO";"PREFEITURA MUNICIPAL DE ITU";"SECRETARIA MUNICIPAL DE EDUCAÇÃO";"EDUCAÇÃO INFANTIL";"OUTROS/NÃO APLICÁVEL";"12 - EDUCAÇÃO";"365 - EDUCAÇÃO INFANTIL";"2012 - ITU - CONSTRUINDO O FUTURO HOJE";"02230 - GESTAO DE RECURSOS HUMANOS";"02 - TRANSFERÊNCIAS E CONVÊNIOS ESTADUAIS-VINCULADOS";"273 - EDUCAÇÃO-FUNDEB-OUTROS - CRECHE";"00000 - CÓDIGO DE APLICAÇÃO NÃO CONTÉM/INFORMOU PARTE VARIÁVEL";"30000000 - DESPESAS CORRENTES";"31000000 - PESSOAL E ENCARGOS SOCIAIS";"31910000 - APLICAÇÃO DIRETA DECORRENTE DE OPERAÇÃO ENTRE ÓRGÃOS, FUNDOS E ENTIDADES INTEGRANTES DOS ORÇAMENTOS FISCAL E DA SEGURIDADE SOCIAL ";"31911300 - OBRIGAÇÕES PATRONAIS - INTRA-ORÇAMENTÁRIO";"31911341 - CONTRIBUIÇÃO PATRONAL DO EXERCÍCIO PARA O RPPS - PESSOAL CIVIL ATIVO - INTRA-ORÇAMENTÁRIO";"INSCRIÇÃO GENÉRICA-OUTROS:62300";"INSTITUTO PREVID SOCIAL SERV MUN ITU-ITUPREV";"21";2019;"CONTRIBUICAO PATRONAL - 2019 ";2019/01/02 00:00:00.000;900000,0;169798,89;0,0;1069798,89;860945,18
2019;"Itu";"EXECUTIVO";"PREFEITURA MUNICIPAL DE ITU";"SECRETARIA MUNICIPAL DE EDUCAÇÃO";"EDUCAÇÃO JOVENS E ADULTOS";"OUTROS/NÃO APLICÁVEL";"12 - EDUCAÇÃO";"361 - ENSINO FUNDAMENTAL";"2012 - ITU - CONSTRUINDO O FUTURO HOJE";"02230 - GESTAO DE RECURSOS HUMANOS";"02 - TRANSFERÊNCIAS E CONVÊNIOS ESTADUAIS-VINCULADOS";"261 - EDUCAÇÃO - FUNDEB - MAGISTÉRIO";"00000 - CÓDIGO DE APLICAÇÃO NÃO CONTÉM/INFORMOU PARTE VARIÁVEL";"30000000 - DESPESAS CORRENTES";"31000000 - PESSOAL E ENCARGOS SOCIAIS";"31900000 - APLICAÇÕES DIRETAS";"31900500 - OUTROS BENEFÍCIOS PREVIDENCIÁRIOS DO SERVIDOR OU DO MILITAR";"31900501 - SALÁRIO FAMÍLIA - ATIVO - PESSOAL CIVIL";"INSCRIÇÃO GENÉRICA-OUTROS:56854";"FOLHA DE PAGAMENTO";"296";2019;"FOLHA DE PAGAMENTO - 2019 ";2019/01/02 00:00:00.000;150000,0;0,0;150000,0;0,0;0,0
2019;"Itu";"EXECUTIVO";"PREFEITURA MUNICIPAL DE ITU";"SECRETARIA MUNICIPAL DE EDUCAÇÃO";"EDUCAÇÃO JOVENS E ADULTOS";"OUTROS/NÃO APLICÁVEL";"12 - EDUCAÇÃO";"361 - ENSINO FUNDAMENTAL";"2012 - ITU - CONSTRUINDO O FUTURO HOJE";"02230 - GESTAO DE RECURSOS HUMANOS";"02 - TRANSFERÊNCIAS E CONVÊNIOS ESTADUAIS-VINCULADOS";"261 - EDUCAÇÃO - FUNDEB - MAGISTÉRIO";"00000 - CÓDIGO DE APLICAÇÃO NÃO CONTÉM/INFORMOU PARTE VARIÁVEL";"30000000 - DESPESAS CORRENTES";"31000000 - PESSOAL E ENCARGOS SOCIAIS";"31900000 - APLICAÇÕES DIRETAS";"31901100 - VENCIMENTOS E VANTAGENS FIXAS -  PESSOAL CIVIL";"31901101 - VENCIMENTOS E SALÁRIOS";"CNPJ:46384111000140";"SECRETARIA DE ESTADO DA EDUCACAO";"1";2019;"REEMBOLSO VENCIMENTOS PESSOAL DO ESTADO 2019";2019/01/02 00:00:00.000;2200000,0;89633,01;694145,18;1595487,83;1595487,83
2019;"Itu";"EXECUTIVO";"PREFEITURA MUNICIPAL DE ITU";"SECRETARIA MUNICIPAL DE EDUCAÇÃO";"EDUCAÇÃO JOVENS E ADULTOS";"OUTROS/NÃO APLICÁVEL";"12 - EDUCAÇÃO";"361 - ENSINO FUNDAMENTAL";"2012 - ITU - CONSTRUINDO O FUTURO HOJE";"02230 - GESTAO DE RECURSOS HUMANOS";"02 - TRANSFERÊNCIAS E CONVÊNIOS ESTADUAIS-VINCULADOS";"261 - EDUCAÇÃO - FUNDEB - MAGISTÉRIO";"00000 - CÓDIGO DE APLICAÇÃO NÃO CONTÉM/INFORMOU PARTE VARIÁVEL";"30000000 - DESPESAS CORRENTES";"31000000 - PESSOAL E ENCARGOS SOCIAIS";"31900000 - APLICAÇÕES DIRETAS";"31901100 - VENCIMENTOS E VANTAGENS FIXAS -  PESSOAL CIVIL";"31901101 - VENCIMENTOS E SALÁRIOS";"INSCRIÇÃO GENÉRICA-OUTROS:56854";"FOLHA DE PAGAMENTO";"307";2019;"FOLHA DE PAGAMENTO - 2019 ";2019/01/02 00:00:00.000;16312500,0;2627030,81;240000,0;18699530,81;18699530,81
2019;"Itu";"EXECUTIVO";"PREFEITURA MUNICIPAL DE ITU";"SECRETARIA MUNICIPAL DE EDUCAÇÃO";"EDUCAÇÃO JOVENS E ADULTOS";"OUTROS/NÃO APLICÁVEL";"12 - EDUCAÇÃO";"361 - ENSINO FUNDAMENTAL";"2012 - ITU - CONSTRUINDO O FUTURO HOJE";"02230 - GESTAO DE RECURSOS HUMANOS";"02 - TRANSFERÊNCIAS E CONVÊNIOS ESTADUAIS-VINCULADOS";"261 - EDUCAÇÃO - FUNDEB - MAGISTÉRIO";"00000 - CÓDIGO DE APLICAÇÃO NÃO CONTÉM/INFORMOU PARTE VARIÁVEL";"30000000 - DESPESAS CORRENTES";"31000000 - PESSOAL E ENCARGOS SOCIAIS";"31900000 - APLICAÇÕES DIRETAS";"31901100 - VENCIMENTOS E VANTAGENS FIXAS -  PESSOAL CIVIL";"31901105 - INCORPORAÇÕES";"INSCRIÇÃO GENÉRICA-OUTROS:56854";"FOLHA DE PAGAMENTO";"308";2019;"FOLHA DE PAGAMENTO - 2019 ";2019/01/02 00:00:00.000;1000,0;240000,0;2760,65;238239,35;238239,35
2019;"Itu";"EXECUTIVO";"PREFEITURA MUNICIPAL DE ITU";"SECRETARIA MUNICIPAL DE EDUCAÇÃO";"EDUCAÇÃO JOVENS E ADULTOS";"OUTROS/NÃO APLICÁVEL";"12 - EDUCAÇÃO";"361 - ENSINO FUNDAMENTAL";"2012 - ITU - CONSTRUINDO O FUTURO HOJE";"02230 - GESTAO DE RECURSOS HUMANOS";"02 - TRANSFERÊNCIAS E CONVÊNIOS ESTADUAIS-VINCULADOS";"261 - EDUCAÇÃO - FUNDEB - MAGISTÉRIO";"00000 - CÓDIGO DE APLICAÇÃO NÃO CONTÉM/INFORMOU PARTE VARIÁVEL";"30000000 - DESPESAS CORRENTES";"31000000 - PESSOAL E ENCARGOS SOCIAIS";"31900000 - APLICAÇÕES DIRETAS";"31901100 - VENCIMENTOS E VANTAGENS FIXAS -  PESSOAL CIVIL";"31901107 - ABONO DE PERMANÊNCIA";"INSCRIÇÃO GENÉRICA-OUTROS:56854";"FOLHA DE PAGAMENTO";"309";2019;"FOLHA DE PAGAMENTO - 2019 ";2019/01/02 00:00:00.000;16000,0;10000,0;367,64;25632,36;25632,36
2019;"Itu";"EXECUTIVO";"PREFEITURA MUNICIPAL DE ITU";"SECRETARIA MUNICIPAL DE EDUCAÇÃO";"EDUCAÇÃO JOVENS E ADULTOS";"OUTROS/NÃO APLICÁVEL";"12 - EDUCAÇÃO";"361 - ENSINO FUNDAMENTAL";"2012 - ITU - CONSTRUINDO O FUTURO HOJE";"02230 - GESTAO DE RECURSOS HUMANOS";"02 - TRANSFERÊNCIAS E CONVÊNIOS ESTADUAIS-VINCULADOS";"261 - EDUCAÇÃO - FUNDEB - MAGISTÉRIO";"00000 - CÓDIGO DE APLICAÇÃO NÃO CONTÉM/INFORMOU PARTE VARIÁVEL";"30000000 - DESPESAS CORRENTES";"31000000 - PESSOAL E ENCARGOS SOCIAIS";"31900000 - APLICAÇÕES DIRETAS";"31901100 - VENCIMENTOS E VANTAGENS FIXAS -  PESSOAL CIVIL";"31901131 - GRATIFICAÇÕES POR EXERCÍCIO DE CARGO";"INSCRIÇÃO GENÉRICA-OUTROS:56854";"FOLHA DE PAGAMENTO";"310";2019;"FOLHA DE PAGAMENTO - 2019 ";2019/01/02 00:00:00.000;204500,0;180764,59;45500,0;339764,59;339764,59
2019;"Itu";"EXECUTIVO";"PREFEITURA MUNICIPAL DE ITU";"SECRETARIA MUNICIPAL DE EDUCAÇÃO";"EDUCAÇÃO JOVENS E ADULTOS";"OUTROS/NÃO APLICÁVEL";"12 - EDUCAÇÃO";"361 - ENSINO FUNDAMENTAL";"2012 - ITU - CONSTRUINDO O FUTURO HOJE";"02230 - GESTAO DE RECURSOS HUMANOS";"02 - TRANSFERÊNCIAS E CONVÊNIOS ESTADUAIS-VINCULADOS";"261 - EDUCAÇÃO - FUNDEB - MAGISTÉRIO";"00000 - CÓDIGO DE APLICAÇÃO NÃO CONTÉM/INFORMOU PARTE VARIÁVEL";"30000000 - DESPESAS CORRENTES";"31000000 - PESSOAL E ENCARGOS SOCIAIS";"31900000 - APLICAÇÕES DIRETAS";"31901100 - VENCIMENTOS E VANTAGENS FIXAS -  PESSOAL CIVIL";"31901133 - GRATIFICAÇÃO POR EXERCÍCIO DE FUNÇÕES";"INSCRIÇÃO GENÉRICA-OUTROS:56854";"FOLHA DE PAGAMENTO";"311";2019;"FOLHA DE PAGAMENTO - 2019 ";2019/01/02 00:00:00.000;1191500,0;556557,48;0,0;1748057,48;1748057,48
2019;"Itu";"EXECUTIVO";"PREFEITURA MUNICIPAL DE ITU";"SECRETARIA MUNICIPAL DE EDUCAÇÃO";"EDUCAÇÃO JOVENS E ADULTOS";"OUTROS/NÃO APLICÁVEL";"12 - EDUCAÇÃO";"361 - ENSINO FUNDAMENTAL";"2012 - ITU - CONSTRUINDO O FUTURO HOJE";"02230 - GESTAO DE RECURSOS HUMANOS";"02 - TRANSFERÊNCIAS E CONVÊNIOS ESTADUAIS-VINCULADOS";"261 - EDUCAÇÃO - FUNDEB - MAGISTÉRIO";"00000 - CÓDIGO DE APLICAÇÃO NÃO CONTÉM/INFORMOU PARTE VARIÁVEL";"30000000 - DESPESAS CORRENTES";"31000000 - PESSOAL E ENCARGOS SOCIAIS";"31900000 - APLICAÇÕES DIRETAS";"31901100 - VENCIMENTOS E VANTAGENS FIXAS -  PESSOAL CIVIL";"31901137 - GRATIFICAÇÃO POR TEMPO DE SERVIÇO";"INSCRIÇÃO GENÉRICA-OUTROS:56854";"FOLHA DE PAGAMENTO";"312";2019;"FOLHA DE PAGAMENTO - 2019 ";2019/01/02 00:00:00.000;1845500,0;1069492,22;0,0;2914992,22;2914992,22
2019;"Itu";"EXECUTIVO";"PREFEITURA MUNICIPAL DE ITU";"SECRETARIA MUNICIPAL DE EDUCAÇÃO";"EDUCAÇÃO JOVENS E ADULTOS";"OUTROS/NÃO APLICÁVEL";"12 - EDUCAÇÃO";"361 - ENSINO FUNDAMENTAL";"2012 - ITU - CONSTRUINDO O FUTURO HOJE";"02230 - GESTAO DE RECURSOS HUMANOS";"02 - TRANSFERÊNCIAS E CONVÊNIOS ESTADUAIS-VINCULADOS";"261 - EDUCAÇÃO - FUNDEB - MAGISTÉRIO";"00000 - CÓDIGO DE APLICAÇÃO NÃO CONTÉM/INFORMOU PARTE VARIÁVEL";"30000000 - DESPESAS CORRENTES";"31000000 - PESSOAL E ENCARGOS SOCIAIS";"31900000 - APLICAÇÕES DIRETAS";"31901100 - VENCIMENTOS E VANTAGENS FIXAS -  PESSOAL CIVIL";"31901143 - 13º SALÁRIO";"INSCRIÇÃO GENÉRICA-OUTROS:56854";"FOLHA DE PAGAMENTO";"313";2019;"FOLHA DE PAGAMENTO - 2019 ";2019/01/02 00:00:00.000;1130000,0;0,0;1130000,0;0,0;0,0
2019;"Itu";"EXECUTIVO";"PREFEITURA MUNICIPAL DE ITU";"SECRETARIA MUNICIPAL DE EDUCAÇÃO";"EDUCAÇÃO JOVENS E ADULTOS";"OUTROS/NÃO APLICÁVEL";"12 - EDUCAÇÃO";"361 - ENSINO FUNDAMENTAL";"2012 - ITU - CONSTRUINDO O FUTURO HOJE";"02230 - GESTAO DE RECURSOS HUMANOS";"02 - TRANSFERÊNCIAS E CONVÊNIOS ESTADUAIS-VINCULADOS";"261 - EDUCAÇÃO - FUNDEB - MAGISTÉRIO";"00000 - CÓDIGO DE APLICAÇÃO NÃO CONTÉM/INFORMOU PARTE VARIÁVEL";"30000000 - DESPESAS CORRENTES";"31000000 - PESSOAL E ENCARGOS SOCIAIS";"31900000 - APLICAÇÕES DIRETAS";"31901100 - VENCIMENTOS E VANTAGENS FIXAS -  PESSOAL CIVIL";"31901145 - FÉRIAS - ABONO CONSTITUCIONAL";"INSCRIÇÃO GENÉRICA-OUTROS:56854";"FOLHA DE PAGAMENTO";"314";2019;"FOLHA DE PAGAMENTO - 2019 ";2019/01/02 00:00:00.000;1000000,0;0,0;351548,78;648451,22;648451,22
2019;"Itu";"EXECUTIVO";"PREFEITURA MUNICIPAL DE ITU";"SECRETARIA MUNICIPAL DE EDUCAÇÃO";"EDUCAÇÃO JOVENS E ADULTOS";"OUTROS/NÃO APLICÁVEL";"12 - EDUCAÇÃO";"361 - ENSINO FUNDAMENTAL";"2012 - ITU - CONSTRUINDO O FUTURO HOJE";"02230 - GESTAO DE RECURSOS HUMANOS";"02 - TRANSFERÊNCIAS E CONVÊNIOS ESTADUAIS-VINCULADOS";"261 - EDUCAÇÃO - FUNDEB - MAGISTÉRIO";"00000 - CÓDIGO DE APLICAÇÃO NÃO CONTÉM/INFORMOU PARTE VARIÁVEL";"30000000 - DESPESAS CORRENTES";"31000000 - PESSOAL E ENCARGOS SOCIAIS";"31900000 - APLICAÇÕES DIRETAS";"31901100 - VENCIMENTOS E VANTAGENS FIXAS -  PESSOAL CIVIL";"31901160 - REMUNERAÇÃO DOS AGENTES POLÍTICOS";"INSCRIÇÃO GENÉRICA-OUTROS:56854";"FOLHA DE PAGAMENTO";"315";2019;"FOLHA DE PAGAMENTO - 2019 ";2019/01/02 00:00:00.000;45500,0;0,0;45500,0;0,0;0,0
2019;"Itu";"EXECUTIVO";"PREFEITURA MUNICIPAL DE ITU";"SECRETARIA MUNICIPAL DE EDUCAÇÃO";"EDUCAÇÃO JOVENS E ADULTOS";"OUTROS/NÃO APLICÁVEL";"12 - EDUCAÇÃO";"361 - ENSINO FUNDAMENTAL";"2012 - ITU - CONSTRUINDO O FUTURO HOJE";"02230 - GESTAO DE RECURSOS HUMANOS";"02 - TRANSFERÊNCIAS E CONVÊNIOS ESTADUAIS-VINCULADOS";"261 - EDUCAÇÃO - FUNDEB - MAGISTÉRIO";"00000 - CÓDIGO DE APLICAÇÃO NÃO CONTÉM/INFORMOU PARTE VARIÁVEL";"30000000 - DESPESAS CORRENTES";"31000000 - PESSOAL E ENCARGOS SOCIAIS";"31900000 - APLICAÇÕES DIRETAS";"31901100 - VENCIMENTOS E VANTAGENS FIXAS -  PESSOAL CIVIL";"31901199 - OUTRAS DESPESAS FIXAS - PESSOAL CIVIL";"INSCRIÇÃO GENÉRICA-OUTROS:56854";"FOLHA DE PAGAMENTO";"316";2019;"FOLHA DE PAGAMENTO - 2019 ";2019/01/02 00:00:00.000;132499,99;68000,0;1093,56;199406,43;199406,43
2019;"Itu";"EXECUTIVO";"PREFEITURA MUNICIPAL DE ITU";"SECRETARIA MUNICIPAL DE EDUCAÇÃO";"EDUCAÇÃO JOVENS E ADULTOS";"OUTROS/NÃO APLICÁVEL";"12 - EDUCAÇÃO";"361 - ENSINO FUNDAMENTAL";"2012 - ITU - CONSTRUINDO O FUTURO HOJE";"02230 - GESTAO DE RECURSOS HUMANOS";"02 - TRANSFERÊNCIAS E CONVÊNIOS ESTADUAIS-VINCULADOS";"261 - EDUCAÇÃO - FUNDEB - MAGISTÉRIO";"00000 - CÓDIGO DE APLICAÇÃO NÃO CONTÉM/INFORMOU PARTE VARIÁVEL";"30000000 - DESPESAS CORRENTES";"31000000 - PESSOAL E ENCARGOS SOCIAIS";"31900000 - APLICAÇÕES DIRETAS";"31901300 - OBRIGAÇÕES PATRONAIS";"31901301 - FGTS";"INSCRIÇÃO GENÉRICA-OUTROS:56852";"FUNDO DE GARANTIA POR TEMPO DE SERVICO";"61";2019;"CONTRIBUICAO PATRONAL - 2019 ";2019/01/02 00:00:00.000;370000,0;0,0;17499,4;352500,6;303359,09
2019;"Itu";"EXECUTIVO";"PREFEITURA MUNICIPAL DE ITU";"SECRETARIA MUNICIPAL DE EDUCAÇÃO";"EDUCAÇÃO JOVENS E ADULTOS";"OUTROS/NÃO APLICÁVEL";"12 - EDUCAÇÃO";"361 - ENSINO FUNDAMENTAL";"2012 - ITU - CONSTRUINDO O FUTURO HOJE";"02230 - GESTAO DE RECURSOS HUMANOS";"02 - TRANSFERÊNCIAS E CONVÊNIOS ESTADUAIS-VINCULADOS";"261 - EDUCAÇÃO - FUNDEB - MAGISTÉRIO";"00000 - CÓDIGO DE APLICAÇÃO NÃO CONTÉM/INFORMOU PARTE VARIÁVEL";"30000000 - DESPESAS CORRENTES";"31000000 - PESSOAL E ENCARGOS SOCIAIS";"31900000 - APLICAÇÕES DIRETAS";"31901300 - OBRIGAÇÕES PATRONAIS";"31901302 - CONTRIBUIÇÕES PREVIDENCIÁRIAS - INSS";"INSCRIÇÃO GENÉRICA-OUTROS:08060";"I.N.S.S. - INSTITUTO NACIONAL SEGURO SOCIAL";"97";2019;"CONTRIBUICAO PATRONAL - 2019 ";2019/01/02 00:00:00.000;680000,0;120016,95;0,0;800016,95;711521,52
2019;"Itu";"EXECUTIVO";"PREFEITURA MUNICIPAL DE ITU";"SECRETARIA MUNICIPAL DE EDUCAÇÃO";"EDUCAÇÃO JOVENS E ADULTOS";"OUTROS/NÃO APLICÁVEL";"12 - EDUCAÇÃO";"361 - ENSINO FUNDAMENTAL";"2012 - ITU - CONSTRUINDO O FUTURO HOJE";"02230 - GESTAO DE RECURSOS HUMANOS";"02 - TRANSFERÊNCIAS E CONVÊNIOS ESTADUAIS-VINCULADOS";"261 - EDUCAÇÃO - FUNDEB - MAGISTÉRIO";"00000 - CÓDIGO DE APLICAÇÃO NÃO CONTÉM/INFORMOU PARTE VARIÁVEL";"30000000 - DESPESAS CORRENTES";"31000000 - PESSOAL E ENCARGOS SOCIAIS";"31900000 - APLICAÇÕES DIRETAS";"31901300 - OBRIGAÇÕES PATRONAIS";"31901399 - OUTRAS OBRIGAÇÕES PATRONAIS";"CNPJ:46384111000140";"SECRETARIA DE ESTADO DA EDUCACAO";"2";2019;"REEMBOLSO VENCIMENTOS PESSOAL DO ESTADO 2019";2019/01/02 00:00:00.000;450000,0;0,0;114868,82;335131,18;335131,18
2019;"Itu";"EXECUTIVO";"PREFEITURA MUNICIPAL DE ITU";"SECRETARIA MUNICIPAL DE EDUCAÇÃO";"EDUCAÇÃO JOVENS E ADULTOS";"OUTROS/NÃO APLICÁVEL";"12 - EDUCAÇÃO";"361 - ENSINO FUNDAMENTAL";"2012 - ITU - CONSTRUINDO O FUTURO HOJE";"02230 - GESTAO DE RECURSOS HUMANOS";"02 - TRANSFERÊNCIAS E CONVÊNIOS ESTADUAIS-VINCULADOS";"261 - EDUCAÇÃO - FUNDEB - MAGISTÉRIO";"00000 - CÓDIGO DE APLICAÇÃO NÃO CONTÉM/INFORMOU PARTE VARIÁVEL";"30000000 - DESPESAS CORRENTES";"31000000 - PESSOAL E ENCARGOS SOCIAIS";"31900000 - APLICAÇÕES DIRETAS";"31901600 - OUTRAS DESPESAS VARIÁVEIS - PESSOAL CIVIL";"31901699 - OUTRAS DESPESAS VARIÁVEIS - PESSOAL CIVIL";"INSCRIÇÃO GENÉRICA-OUTROS:56854";"FOLHA DE PAGAMENTO";"324";2019;"FOLHA DE PAGAMENTO - 2019 ";2019/01/02 00:00:00.000;6218000,0;18472,27;170000,0;6066472,27;6066472,27
2019;"Itu";"EXECUTIVO";"PREFEITURA MUNICIPAL DE ITU";"SECRETARIA MUNICIPAL DE EDUCAÇÃO";"EDUCAÇÃO JOVENS E ADULTOS";"OUTROS/NÃO APLICÁVEL";"12 - EDUCAÇÃO";"361 - ENSINO FUNDAMENTAL";"2012 - ITU - CONSTRUINDO O FUTURO HOJE";"02230 - GESTAO DE RECURSOS HUMANOS";"02 - TRANSFERÊNCIAS E CONVÊNIOS ESTADUAIS-VINCULADOS";"261 - EDUCAÇÃO - FUNDEB - MAGISTÉRIO";"00000 - CÓDIGO DE APLICAÇÃO NÃO CONTÉM/INFORMOU PARTE VARIÁVEL";"30000000 - DESPESAS CORRENTES";"31000000 - PESSOAL E ENCARGOS SOCIAIS";"31900000 - APLICAÇÕES DIRETAS";"31909400 - INDENIZAÇÕES E RESTITUIÇÕES TRABALHISTAS";"31909415 - INDENIZAÇÕES POR DEMISSÃO";"INSCRIÇÃO GENÉRICA-OUTROS:56854";"FOLHA DE PAGAMENTO";"327";2019;"FOLHA DE PAGAMENTO - 2019 ";2019/01/02 00:00:00.000;10000,0;0,0;10000,0;0,0;0,0
2019;"Itu";"EXECUTIVO";"PREFEITURA MUNICIPAL DE ITU";"SECRETARIA MUNICIPAL DE EDUCAÇÃO";"EDUCAÇÃO JOVENS E ADULTOS";"OUTROS/NÃO APLICÁVEL";"12 - EDUCAÇÃO";"361 - ENSINO FUNDAMENTAL";"2012 - ITU - CONSTRUINDO O FUTURO HOJE";"02230 - GESTAO DE RECURSOS HUMANOS";"02 - TRANSFERÊNCIAS E CONVÊNIOS ESTADUAIS-VINCULADOS";"261 - EDUCAÇÃO - FUNDEB - MAGISTÉRIO";"00000 - CÓDIGO DE APLICAÇÃO NÃO CONTÉM/INFORMOU PARTE VARIÁVEL";"30000000 - DESPESAS CORRENTES";"31000000 - PESSOAL E ENCARGOS SOCIAIS";"31910000 - APLICAÇÃO DIRETA DECORRENTE DE OPERAÇÃO ENTRE ÓRGÃOS, FUNDOS E ENTIDADES INTEGRANTES DOS ORÇAMENTOS FISCAL E DA SEGURIDADE SOCIAL ";"31911300 - OBRIGAÇÕES PATRONAIS - INTRA-ORÇAMENTÁRIO";"31911341 - CONTRIBUIÇÃO PATRONAL DO EXERCÍCIO PARA O RPPS - PESSOAL CIVIL ATIVO - INTRA-ORÇAMENTÁRIO";"INSCRIÇÃO GENÉRICA-OUTROS:62300";"INSTITUTO PREVID SOCIAL SERV MUN ITU-ITUPREV";"26";2019;"CONTRIBUICAO PATRONAL - 2019 ";2019/01/02 00:00:00.000;3000000,0;1026648,33;0,0;4026648,33;3000000,0
2019;"Itu";"EXECUTIVO";"PREFEITURA MUNICIPAL DE ITU";"SECRETARIA MUNICIPAL DE EDUCAÇÃO";"EDUCAÇÃO JOVENS E ADULTOS";"OUTROS/NÃO APLICÁVEL";"12 - EDUCAÇÃO";"361 - ENSINO FUNDAMENTAL";"2012 - ITU - CONSTRUINDO O FUTURO HOJE";"02230 - GESTAO DE RECURSOS HUMANOS";"02 - TRANSFERÊNCIAS E CONVÊNIOS ESTADUAIS-VINCULADOS";"262 - EDUCAÇÃO - FUNDEB - OUTROS";"00000 - CÓDIGO DE APLICAÇÃO NÃO CONTÉM/INFORMOU PARTE VARIÁVEL";"30000000 - DESPESAS CORRENTES";"31000000 - PESSOAL E ENCARGOS SOCIAIS";"31900000 - APLICAÇÕES DIRETAS";"31900500 - OUTROS BENEFÍCIOS PREVIDENCIÁRIOS DO SERVIDOR OU DO MILITAR";"31900501 - SALÁRIO FAMÍLIA - ATIVO - PESSOAL CIVIL";"INSCRIÇÃO GENÉRICA-OUTROS:56854";"FOLHA DE PAGAMENTO";"297";2019;"FOLHA DE PAGAMENTO - 2019 ";2019/01/02 00:00:00.000;25000,0;0,0;25000,0;0,0;0,0
2019;"Itu";"EXECUTIVO";"PREFEITURA MUNICIPAL DE ITU";"SECRETARIA MUNICIPAL DE EDUCAÇÃO";"EDUCAÇÃO JOVENS E ADULTOS";"OUTROS/NÃO APLICÁVEL";"12 - EDUCAÇÃO";"361 - ENSINO FUNDAMENTAL";"2012 - ITU - CONSTRUINDO O FUTURO HOJE";"02230 - GESTAO DE RECURSOS HUMANOS";"02 - TRANSFERÊNCIAS E CONVÊNIOS ESTADUAIS-VINCULADOS";"262 - EDUCAÇÃO - FUNDEB - OUTROS";"00000 - CÓDIGO DE APLICAÇÃO NÃO CONTÉM/INFORMOU PARTE VARIÁVEL";"30000000 - DESPESAS CORRENTES";"31000000 - PESSOAL E ENCARGOS SOCIAIS";"31900000 - APLICAÇÕES DIRETAS";"31901100 - VENCIMENTOS E VANTAGENS FIXAS -  PESSOAL CIVIL";"31901101 - VENCIMENTOS E SALÁRIOS";"CNPJ:46384111000140";"SECRETARIA DE ESTADO DA EDUCACAO";"3";2019;"REEMBOLSO VENCIMENTOS PESSOAL DO ESTADO 2019";2019/01/02 00:00:00.000;25000,0;15000,0;349,54;39650,46;39650,46
2019;"Itu";"EXECUTIVO";"PREFEITURA MUNICIPAL DE ITU";"SECRETARIA MUNICIPAL DE EDUCAÇÃO";"EDUCAÇÃO JOVENS E ADULTOS";"OUTROS/NÃO APLICÁVEL";"12 - EDUCAÇÃO";"361 - ENSINO FUNDAMENTAL";"2012 - ITU - CONSTRUINDO O FUTURO HOJE";"02230 - GESTAO DE RECURSOS HUMANOS";"02 - TRANSFERÊNCIAS E CONVÊNIOS ESTADUAIS-VINCULADOS";"262 - EDUCAÇÃO - FUNDEB - OUTROS";"00000 - CÓDIGO DE APLICAÇÃO NÃO CONTÉM/INFORMOU PARTE VARIÁVEL";"30000000 - DESPESAS CORRENTES";"31000000 - PESSOAL E ENCARGOS SOCIAIS";"31900000 - APLICAÇÕES DIRETAS";"31901100 - VENCIMENTOS E VANTAGENS FIXAS -  PESSOAL CIVIL";"31901101 - VENCIMENTOS E SALÁRIOS";"INSCRIÇÃO GENÉRICA-OUTROS:56854";"FOLHA DE PAGAMENTO";"317";2019;"FOLHA DE PAGAMENTO - 2019 ";2019/01/02 00:00:00.000;2505000,0;163573,55;15000,0;2653573,55;2653573,55
2019;"Itu";"EXECUTIVO";"PREFEITURA MUNICIPAL DE ITU";"SECRETARIA MUNICIPAL DE EDUCAÇÃO";"EDUCAÇÃO JOVENS E ADULTOS";"OUTROS/NÃO APLICÁVEL";"12 - EDUCAÇÃO";"361 - ENSINO FUNDAMENTAL";"2012 - ITU - CONSTRUINDO O FUTURO HOJE";"02230 - GESTAO DE RECURSOS HUMANOS";"02 - TRANSFERÊNCIAS E CONVÊNIOS ESTADUAIS-VINCULADOS";"262 - EDUCAÇÃO - FUNDEB - OUTROS";"00000 - CÓDIGO DE APLICAÇÃO NÃO CONTÉM/INFORMOU PARTE VARIÁVEL";"30000000 - DESPESAS CORRENTES";"31000000 - PESSOAL E ENCARGOS SOCIAIS";"31900000 - APLICAÇÕES DIRETAS";"31901100 - VENCIMENTOS E VANTAGENS FIXAS -  PESSOAL CIVIL";"31901105 - INCORPORAÇÕES";"INSCRIÇÃO GENÉRICA-OUTROS:56854";"FOLHA DE PAGAMENTO";"318";2019;"FOLHA DE PAGAMENTO - 2019 ";2019/01/02 00:00:00.000;2000,0;1500,0;254,1;3245,9;3245,9
2019;"Itu";"EXECUTIVO";"PREFEITURA MUNICIPAL DE ITU";"SECRETARIA MUNICIPAL DE EDUCAÇÃO";"EDUCAÇÃO JOVENS E ADULTOS";"OUTROS/NÃO APLICÁVEL";"12 - EDUCAÇÃO";"361 - ENSINO FUNDAMENTAL";"2012 - ITU - CONSTRUINDO O FUTURO HOJE";"02230 - GESTAO DE RECURSOS HUMANOS";"02 - TRANSFERÊNCIAS E CONVÊNIOS ESTADUAIS-VINCULADOS";"262 - EDUCAÇÃO - FUNDEB - OUTROS";"00000 - CÓDIGO DE APLICAÇÃO NÃO CONTÉM/INFORMOU PARTE VARIÁVEL";"30000000 - DESPESAS CORRENTES";"31000000 - PESSOAL E ENCARGOS SOCIAIS";"31900000 - APLICAÇÕES DIRETAS";"31901100 - VENCIMENTOS E VANTAGENS FIXAS -  PESSOAL CIVIL";"31901131 - GRATIFICAÇÕES POR EXERCÍCIO DE CARGO";"INSCRIÇÃO GENÉRICA-OUTROS:56854";"FOLHA DE PAGAMENTO";"319";2019;"FOLHA DE PAGAMENTO - 2019 ";2019/01/02 00:00:00.000;1000,0;0,0;921,56;78,44;78,44
2019;"Itu";"EXECUTIVO";"PREFEITURA MUNICIPAL DE ITU";"SECRETARIA MUNICIPAL DE EDUCAÇÃO";"EDUCAÇÃO JOVENS E ADULTOS";"OUTROS/NÃO APLICÁVEL";"12 - EDUCAÇÃO";"361 - ENSINO FUNDAMENTAL";"2012 - ITU - CONSTRUINDO O FUTURO HOJE";"02230 - GESTAO DE RECURSOS HUMANOS";"02 - TRANSFERÊNCIAS E CONVÊNIOS ESTADUAIS-VINCULADOS";"262 - EDUCAÇÃO - FUNDEB - OUTROS";"00000 - CÓDIGO DE APLICAÇÃO NÃO CONTÉM/INFORMOU PARTE VARIÁVEL";"30000000 - DESPESAS CORRENTES";"31000000 - PESSOAL E ENCARGOS SOCIAIS";"31900000 - APLICAÇÕES DIRETAS";"31901100 - VENCIMENTOS E VANTAGENS FIXAS -  PESSOAL CIVIL";"31901133 - GRATIFICAÇÃO POR EXERCÍCIO DE FUNÇÕES";"INSCRIÇÃO GENÉRICA-OUTROS:56854";"FOLHA DE PAGAMENTO";"320";2019;"FOLHA DE PAGAMENTO - 2019 ";2019/01/02 00:00:00.000;168000,0;88645,55;0,0;256645,55;256645,55
2019;"Itu";"EXECUTIVO";"PREFEITURA MUNICIPAL DE ITU";"SECRETARIA MUNICIPAL DE EDUCAÇÃO";"EDUCAÇÃO JOVENS E ADULTOS";"OUTROS/NÃO APLICÁVEL";"12 - EDUCAÇÃO";"361 - ENSINO FUNDAMENTAL";"2012 - ITU - CONSTRUINDO O FUTURO HOJE";"02230 - GESTAO DE RECURSOS HUMANOS";"02 - TRANSFERÊNCIAS E CONVÊNIOS ESTADUAIS-VINCULADOS";"262 - EDUCAÇÃO - FUNDEB - OUTROS";"00000 - CÓDIGO DE APLICAÇÃO NÃO CONTÉM/INFORMOU PARTE VARIÁVEL";"30000000 - DESPESAS CORRENTES";"31000000 - PESSOAL E ENCARGOS SOCIAIS";"31900000 - APLICAÇÕES DIRETAS";"31901100 - VENCIMENTOS E VANTAGENS FIXAS -  PESSOAL CIVIL";"31901137 - GRATIFICAÇÃO POR TEMPO DE SERVIÇO";"INSCRIÇÃO GENÉRICA-OUTROS:56854";"FOLHA DE PAGAMENTO";"321";2019;"FOLHA DE PAGAMENTO - 2019 ";2019/01/02 00:00:00.000;542000,0;0,0;53195,3;488804,7;488804,7
2019;"Itu";"EXECUTIVO";"PREFEITURA MUNICIPAL DE ITU";"SECRETARIA MUNICIPAL DE EDUCAÇÃO";"EDUCAÇÃO JOVENS E ADULTOS";"OUTROS/NÃO APLICÁVEL";"12 - EDUCAÇÃO";"361 - ENSINO FUNDAMENTAL";"2012 - ITU - CONSTRUINDO O FUTURO HOJE";"02230 - GESTAO DE RECURSOS HUMANOS";"02 - TRANSFERÊNCIAS E CONVÊNIOS ESTADUAIS-VINCULADOS";"262 - EDUCAÇÃO - FUNDEB - OUTROS";"00000 - CÓDIGO DE APLICAÇÃO NÃO CONTÉM/INFORMOU PARTE VARIÁVEL";"30000000 - DESPESAS CORRENTES";"31000000 - PESSOAL E ENCARGOS SOCIAIS";"31900000 - APLICAÇÕES DIRETAS";"31901100 - VENCIMENTOS E VANTAGENS FIXAS -  PESSOAL CIVIL";"31901199 - OUTRAS DESPESAS FIXAS - PESSOAL CIVIL";"INSCRIÇÃO GENÉRICA-OUTROS:56854";"FOLHA DE PAGAMENTO";"322";2019;"FOLHA DE PAGAMENTO - 2019 ";2019/01/02 00:00:00.000;7000,0;3000,0;394,38;9605,62;9605,62
2019;"Itu";"EXECUTIVO";"PREFEITURA MUNICIPAL DE ITU";"SECRETARIA MUNICIPAL DE EDUCAÇÃO";"EDUCAÇÃO JOVENS E ADULTOS";"OUTROS/NÃO APLICÁVEL";"12 - EDUCAÇÃO";"361 - ENSINO FUNDAMENTAL";"2012 - ITU - CONSTRUINDO O FUTURO HOJE";"02230 - GESTAO DE RECURSOS HUMANOS";"02 - TRANSFERÊNCIAS E CONVÊNIOS ESTADUAIS-VINCULADOS";"262 - EDUCAÇÃO - FUNDEB - OUTROS";"00000 - CÓDIGO DE APLICAÇÃO NÃO CONTÉM/INFORMOU PARTE VARIÁVEL";"30000000 - DESPESAS CORRENTES";"31000000 - PESSOAL E ENCARGOS SOCIAIS";"31900000 - APLICAÇÕES DIRETAS";"31901300 - OBRIGAÇÕES PATRONAIS";"31901301 - FGTS";"INSCRIÇÃO GENÉRICA-OUTROS:56852";"FUNDO DE GARANTIA POR TEMPO DE SERVICO";"62";2019;"CONTRIBUICAO PATRONAL - 2019 ";2019/01/02 00:00:00.000;70000,0;0,0;253,59;69746,41;60542,9
2019;"Itu";"EXECUTIVO";"PREFEITURA MUNICIPAL DE ITU";"SECRETARIA MUNICIPAL DE EDUCAÇÃO";"EDUCAÇÃO JOVENS E ADULTOS";"OUTROS/NÃO APLICÁVEL";"12 - EDUCAÇÃO";"361 - ENSINO FUNDAMENTAL";"2012 - ITU - CONSTRUINDO O FUTURO HOJE";"02230 - GESTAO DE RECURSOS HUMANOS";"02 - TRANSFERÊNCIAS E CONVÊNIOS ESTADUAIS-VINCULADOS";"262 - EDUCAÇÃO - FUNDEB - OUTROS";"00000 - CÓDIGO DE APLICAÇÃO NÃO CONTÉM/INFORMOU PARTE VARIÁVEL";"30000000 - DESPESAS CORRENTES";"31000000 - PESSOAL E ENCARGOS SOCIAIS";"31900000 - APLICAÇÕES DIRETAS";"31901300 - OBRIGAÇÕES PATRONAIS";"31901302 - CONTRIBUIÇÕES PREVIDENCIÁRIAS - INSS";"INSCRIÇÃO GENÉRICA-OUTROS:08060";"I.N.S.S. - INSTITUTO NACIONAL SEGURO SOCIAL";"98";2019;"CONTRIBUICAO PATRONAL - 2019 ";2019/01/02 00:00:00.000;175000,0;0,0;4000,0;171000,0;154443,99
2019;"Itu";"EXECUTIVO";"PREFEITURA MUNICIPAL DE ITU";"SECRETARIA MUNICIPAL DE EDUCAÇÃO";"EDUCAÇÃO JOVENS E ADULTOS";"OUTROS/NÃO APLICÁVEL";"12 - EDUCAÇÃO";"361 - ENSINO FUNDAMENTAL";"2012 - ITU - CONSTRUINDO O FUTURO HOJE";"02230 - GESTAO DE RECURSOS HUMANOS";"02 - TRANSFERÊNCIAS E CONVÊNIOS ESTADUAIS-VINCULADOS";"262 - EDUCAÇÃO - FUNDEB - OUTROS";"00000 - CÓDIGO DE APLICAÇÃO NÃO CONTÉM/INFORMOU PARTE VARIÁVEL";"30000000 - DESPESAS CORRENTES";"31000000 - PESSOAL E ENCARGOS SOCIAIS";"31900000 - APLICAÇÕES DIRETAS";"31901300 - OBRIGAÇÕES PATRONAIS";"31901399 - OUTRAS OBRIGAÇÕES PATRONAIS";"CNPJ:46384111000140";"SECRETARIA DE ESTADO DA EDUCACAO";"4";2019;"REEMBOLSO VENCIMENTOS PESSOAL DO ESTADO 2019";2019/01/02 00:00:00.000;5000,0;4000,0;554,31;8445,69;8445,69
2019;"Itu";"EXECUTIVO";"PREFEITURA MUNICIPAL DE ITU";"SECRETARIA MUNICIPAL DE EDUCAÇÃO";"EDUCAÇÃO JOVENS E ADULTOS";"OUTROS/NÃO APLICÁVEL";"12 - EDUCAÇÃO";"361 - ENSINO FUNDAMENTAL";"2012 - ITU - CONSTRUINDO O FUTURO HOJE";"02230 - GESTAO DE RECURSOS HUMANOS";"02 - TRANSFERÊNCIAS E CONVÊNIOS ESTADUAIS-VINCULADOS";"262 - EDUCAÇÃO - FUNDEB - OUTROS";"00000 - CÓDIGO DE APLICAÇÃO NÃO CONTÉM/INFORMOU PARTE VARIÁVEL";"30000000 - DESPESAS CORRENTES";"31000000 - PESSOAL E ENCARGOS SOCIAIS";"31900000 - APLICAÇÕES DIRETAS";"31901600 - OUTRAS DESPESAS VARIÁVEIS - PESSOAL CIVIL";"31901699 - OUTRAS DESPESAS VARIÁVEIS - PESSOAL CIVIL";"INSCRIÇÃO GENÉRICA-OUTROS:56854";"FOLHA DE PAGAMENTO";"325";2019;"FOLHA DE PAGAMENTO - 2019 ";2019/01/02 00:00:00.000;20000,0;0,0;7873,69;12126,31;12126,31
2019;"Itu";"EXECUTIVO";"PREFEITURA MUNICIPAL DE ITU";"SECRETARIA MUNICIPAL DE EDUCAÇÃO";"EDUCAÇÃO JOVENS E ADULTOS";"OUTROS/NÃO APLICÁVEL";"12 - EDUCAÇÃO";"361 - ENSINO FUNDAMENTAL";"2012 - ITU - CONSTRUINDO O FUTURO HOJE";"02230 - GESTAO DE RECURSOS HUMANOS";"02 - TRANSFERÊNCIAS E CONVÊNIOS ESTADUAIS-VINCULADOS";"262 - EDUCAÇÃO - FUNDEB - OUTROS";"00000 - CÓDIGO DE APLICAÇÃO NÃO CONTÉM/INFORMOU PARTE VARIÁVEL";"30000000 - DESPESAS CORRENTES";"31000000 - PESSOAL E ENCARGOS SOCIAIS";"31900000 - APLICAÇÕES DIRETAS";"31909400 - INDENIZAÇÕES E RESTITUIÇÕES TRABALHISTAS";"31909415 - INDENIZAÇÕES POR DEMISSÃO";"INSCRIÇÃO GENÉRICA-OUTROS:56854";"FOLHA DE PAGAMENTO";"328";2019;"FOLHA DE PAGAMENTO - 2019 ";2019/01/02 00:00:00.000;10000,0;0,0;10000,0;0,0;0,0
2019;"Itu";"EXECUTIVO";"PREFEITURA MUNICIPAL DE ITU";"SECRETARIA MUNICIPAL DE EDUCAÇÃO";"EDUCAÇÃO JOVENS E ADULTOS";"OUTROS/NÃO APLICÁVEL";"12 - EDUCAÇÃO";"361 - ENSINO FUNDAMENTAL";"2012 - ITU - CONSTRUINDO O FUTURO HOJE";"02230 - GESTAO DE RECURSOS HUMANOS";"02 - TRANSFERÊNCIAS E CONVÊNIOS ESTADUAIS-VINCULADOS";"262 - EDUCAÇÃO - FUNDEB - OUTROS";"00000 - CÓDIGO DE APLICAÇÃO NÃO CONTÉM/INFORMOU PARTE VARIÁVEL";"30000000 - DESPESAS CORRENTES";"31000000 - PESSOAL E ENCARGOS SOCIAIS";"31910000 - APLICAÇÃO DIRETA DECORRENTE DE OPERAÇÃO ENTRE ÓRGÃOS, FUNDOS E ENTIDADES INTEGRANTES DOS ORÇAMENTOS FISCAL E DA SEGURIDADE SOCIAL ";"31911300 - OBRIGAÇÕES PATRONAIS - INTRA-ORÇAMENTÁRIO";"31911341 - CONTRIBUIÇÃO PATRONAL DO EXERCÍCIO PARA O RPPS - PESSOAL CIVIL ATIVO - INTRA-ORÇAMENTÁRIO";"INSCRIÇÃO GENÉRICA-OUTROS:62300";"INSTITUTO PREVID SOCIAL SERV MUN ITU-ITUPREV";"27";2019;"CONTRIBUICAO PATRONAL - 2019 ";2019/01/02 00:00:00.000;600000,0;0,0;124216,58;475783,42;381991,89
2019;"Itu";"EXECUTIVO";"PREFEITURA MUNICIPAL DE ITU";"SECRETARIA MUNICIPAL DE EDUCAÇÃO";"ENSINO FUNDAMENTAL";"OUTROS/NÃO APLICÁVEL";"12 - EDUCAÇÃO";"365 - EDUCAÇÃO INFANTIL";"2012 - ITU - CONSTRUINDO O FUTURO HOJE";"02230 - GESTAO DE RECURSOS HUMANOS";"02 - TRANSFERÊNCIAS E CONVÊNIOS ESTADUAIS-VINCULADOS";"272 - EDUCAÇÃO-FUNDEB-MAGISTÉRIO - PRÉ-ESCOLA";"00000 - CÓDIGO DE APLICAÇÃO NÃO CONTÉM/INFORMOU PARTE VARIÁVEL";"30000000 - DESPESAS CORRENTES";"31000000 - PESSOAL E ENCARGOS SOCIAIS";"31900000 - APLICAÇÕES DIRETAS";"31900500 - OUTROS BENEFÍCIOS PREVIDENCIÁRIOS DO SERVIDOR OU DO MILITAR";"31900501 - SALÁRIO FAMÍLIA - ATIVO - PESSOAL CIVIL";"INSCRIÇÃO GENÉRICA-OUTROS:56854";"FOLHA DE PAGAMENTO";"267";2019;"FOLHA DE PAGAMENTO - 2019 ";2019/01/02 00:00:00.000;50000,0;0,0;50000,0;0,0;0,0
2019;"Itu";"EXECUTIVO";"PREFEITURA MUNICIPAL DE ITU";"SECRETARIA MUNICIPAL DE EDUCAÇÃO";"ENSINO FUNDAMENTAL";"OUTROS/NÃO APLICÁVEL";"12 - EDUCAÇÃO";"365 - EDUCAÇÃO INFANTIL";"2012 - ITU - CONSTRUINDO O FUTURO HOJE";"02230 - GESTAO DE RECURSOS HUMANOS";"02 - TRANSFERÊNCIAS E CONVÊNIOS ESTADUAIS-VINCULADOS";"272 - EDUCAÇÃO-FUNDEB-MAGISTÉRIO - PRÉ-ESCOLA";"00000 - CÓDIGO DE APLICAÇÃO NÃO CONTÉM/INFORMOU PARTE VARIÁVEL";"30000000 - DESPESAS CORRENTES";"31000000 - PESSOAL E ENCARGOS SOCIAIS";"31900000 - APLICAÇÕES DIRETAS";"31901100 - VENCIMENTOS E VANTAGENS FIXAS -  PESSOAL CIVIL";"31901101 - VENCIMENTOS E SALÁRIOS";"INSCRIÇÃO GENÉRICA-OUTROS:56854";"FOLHA DE PAGAMENTO";"278";2019;"FOLHA DE PAGAMENTO - 2019 ";2019/01/02 00:00:00.000;6956000,0;481494,29;670000,0;6767494,29;6767494,29
2019;"Itu";"EXECUTIVO";"PREFEITURA MUNICIPAL DE ITU";"SECRETARIA MUNICIPAL DE EDUCAÇÃO";"ENSINO FUNDAMENTAL";"OUTROS/NÃO APLICÁVEL";"12 - EDUCAÇÃO";"365 - EDUCAÇÃO INFANTIL";"2012 - ITU - CONSTRUINDO O FUTURO HOJE";"02230 - GESTAO DE RECURSOS HUMANOS";"02 - TRANSFERÊNCIAS E CONVÊNIOS ESTADUAIS-VINCULADOS";"272 - EDUCAÇÃO-FUNDEB-MAGISTÉRIO - PRÉ-ESCOLA";"00000 - CÓDIGO DE APLICAÇÃO NÃO CONTÉM/INFORMOU PARTE VARIÁVEL";"30000000 - DESPESAS CORRENTES";"31000000 - PESSOAL E ENCARGOS SOCIAIS";"31900000 - APLICAÇÕES DIRETAS";"31901100 - VENCIMENTOS E VANTAGENS FIXAS -  PESSOAL CIVIL";"31901107 - ABONO DE PERMANÊNCIA";"INSCRIÇÃO GENÉRICA-OUTROS:56854";"FOLHA DE PAGAMENTO";"279";2019;"FOLHA DE PAGAMENTO - 2019 ";2019/01/02 00:00:00.000;12000,0;0,0;1689,19;10310,81;10310,81
2019;"Itu";"EXECUTIVO";"PREFEITURA MUNICIPAL DE ITU";"SECRETARIA MUNICIPAL DE EDUCAÇÃO";"ENSINO FUNDAMENTAL";"OUTROS/NÃO APLICÁVEL";"12 - EDUCAÇÃO";"365 - EDUCAÇÃO INFANTIL";"2012 - ITU - CONSTRUINDO O FUTURO HOJE";"02230 - GESTAO DE RECURSOS HUMANOS";"02 - TRANSFERÊNCIAS E CONVÊNIOS ESTADUAIS-VINCULADOS";"272 - EDUCAÇÃO-FUNDEB-MAGISTÉRIO - PRÉ-ESCOLA";"00000 - CÓDIGO DE APLICAÇÃO NÃO CONTÉM/INFORMOU PARTE VARIÁVEL";"30000000 - DESPESAS CORRENTES";"31000000 - PESSOAL E ENCARGOS SOCIAIS";"31900000 - APLICAÇÕES DIRETAS";"31901100 - VENCIMENTOS E VANTAGENS FIXAS -  PESSOAL CIVIL";"31901131 - GRATIFICAÇÕES POR EXERCÍCIO DE CARGO";"INSCRIÇÃO GENÉRICA-OUTROS:56854";"FOLHA DE PAGAMENTO";"280";2019;"FOLHA DE PAGAMENTO - 2019 ";2019/01/02 00:00:00.000;115000,0;21495,43;0,0;136495,43;136495,43
2019;"Itu";"EXECUTIVO";"PREFEITURA MUNICIPAL DE ITU";"SECRETARIA MUNICIPAL DE EDUCAÇÃO";"ENSINO FUNDAMENTAL";"OUTROS/NÃO APLICÁVEL";"12 - EDUCAÇÃO";"365 - EDUCAÇÃO INFANTIL";"2012 - ITU - CONSTRUINDO O FUTURO HOJE";"02230 - GESTAO DE RECURSOS HUMANOS";"02 - TRANSFERÊNCIAS E CONVÊNIOS ESTADUAIS-VINCULADOS";"272 - EDUCAÇÃO-FUNDEB-MAGISTÉRIO - PRÉ-ESCOLA";"00000 - CÓDIGO DE APLICAÇÃO NÃO CONTÉM/INFORMOU PARTE VARIÁVEL";"30000000 - DESPESAS CORRENTES";"31000000 - PESSOAL E ENCARGOS SOCIAIS";"31900000 - APLICAÇÕES DIRETAS";"31901100 - VENCIMENTOS E VANTAGENS FIXAS -  PESSOAL CIVIL";"31901133 - GRATIFICAÇÃO POR EXERCÍCIO DE FUNÇÕES";"INSCRIÇÃO GENÉRICA-OUTROS:56854";"FOLHA DE PAGAMENTO";"281";2019;"FOLHA DE PAGAMENTO - 2019 ";2019/01/02 00:00:00.000;630000,0;83864,3;0,0;713864,3;713864,3
2019;"Itu";"EXECUTIVO";"PREFEITURA MUNICIPAL DE ITU";"SECRETARIA MUNICIPAL DE EDUCAÇÃO";"ENSINO FUNDAMENTAL";"OUTROS/NÃO APLICÁVEL";"12 - EDUCAÇÃO";"365 - EDUCAÇÃO INFANTIL";"2012 - ITU - CONSTRUINDO O FUTURO HOJE";"02230 - GESTAO DE RECURSOS HUMANOS";"02 - TRANSFERÊNCIAS E CONVÊNIOS ESTADUAIS-VINCULADOS";"272 - EDUCAÇÃO-FUNDEB-MAGISTÉRIO - PRÉ-ESCOLA";"00000 - CÓDIGO DE APLICAÇÃO NÃO CONTÉM/INFORMOU PARTE VARIÁVEL";"30000000 - DESPESAS CORRENTES";"31000000 - PESSOAL E ENCARGOS SOCIAIS";"31900000 - APLICAÇÕES DIRETAS";"31901100 - VENCIMENTOS E VANTAGENS FIXAS -  PESSOAL CIVIL";"31901137 - GRATIFICAÇÃO POR TEMPO DE SERVIÇO";"INSCRIÇÃO GENÉRICA-OUTROS:56854";"FOLHA DE PAGAMENTO";"282";2019;"FOLHA DE PAGAMENTO - 2019 ";2019/01/02 00:00:00.000;1355000,0;516145,27;0,0;1871145,27;1871145,27
2019;"Itu";"EXECUTIVO";"PREFEITURA MUNICIPAL DE ITU";"SECRETARIA MUNICIPAL DE EDUCAÇÃO";"ENSINO FUNDAMENTAL";"OUTROS/NÃO APLICÁVEL";"12 - EDUCAÇÃO";"365 - EDUCAÇÃO INFANTIL";"2012 - ITU - CONSTRUINDO O FUTURO HOJE";"02230 - GESTAO DE RECURSOS HUMANOS";"02 - TRANSFERÊNCIAS E CONVÊNIOS ESTADUAIS-VINCULADOS";"272 - EDUCAÇÃO-FUNDEB-MAGISTÉRIO - PRÉ-ESCOLA";"00000 - CÓDIGO DE APLICAÇÃO NÃO CONTÉM/INFORMOU PARTE VARIÁVEL";"30000000 - DESPESAS CORRENTES";"31000000 - PESSOAL E ENCARGOS SOCIAIS";"31900000 - APLICAÇÕES DIRETAS";"31901100 - VENCIMENTOS E VANTAGENS FIXAS -  PESSOAL CIVIL";"31901143 - 13º SALÁRIO";"INSCRIÇÃO GENÉRICA-OUTROS:56854";"FOLHA DE PAGAMENTO";"283";2019;"FOLHA DE PAGAMENTO - 2019 ";2019/01/02 00:00:00.000;30000,0;0,0;30000,0;0,0;0,0
2019;"Itu";"EXECUTIVO";"PREFEITURA MUNICIPAL DE ITU";"SECRETARIA MUNICIPAL DE EDUCAÇÃO";"ENSINO FUNDAMENTAL";"OUTROS/NÃO APLICÁVEL";"12 - EDUCAÇÃO";"365 - EDUCAÇÃO INFANTIL";"2012 - ITU - CONSTRUINDO O FUTURO HOJE";"02230 - GESTAO DE RECURSOS HUMANOS";"02 - TRANSFERÊNCIAS E CONVÊNIOS ESTADUAIS-VINCULADOS";"272 - EDUCAÇÃO-FUNDEB-MAGISTÉRIO - PRÉ-ESCOLA";"00000 - CÓDIGO DE APLICAÇÃO NÃO CONTÉM/INFORMOU PARTE VARIÁVEL";"30000000 - DESPESAS CORRENTES";"31000000 - PESSOAL E ENCARGOS SOCIAIS";"31900000 - APLICAÇÕES DIRETAS";"31901100 - VENCIMENTOS E VANTAGENS FIXAS -  PESSOAL CIVIL";"31901199 - OUTRAS DESPESAS FIXAS - PESSOAL CIVIL";"INSCRIÇÃO GENÉRICA-OUTROS:56854";"FOLHA DE PAGAMENTO";"284";2019;"FOLHA DE PAGAMENTO - 2019 ";2019/01/02 00:00:00.000;2000,0;1623,46;0,0;3623,46;3623,46
2019;"Itu";"EXECUTIVO";"PREFEITURA MUNICIPAL DE ITU";"SECRETARIA MUNICIPAL DE EDUCAÇÃO";"ENSINO FUNDAMENTAL";"OUTROS/NÃO APLICÁVEL";"12 - EDUCAÇÃO";"365 - EDUCAÇÃO INFANTIL";"2012 - ITU - CONSTRUINDO O FUTURO HOJE";"02230 - GESTAO DE RECURSOS HUMANOS";"02 - TRANSFERÊNCIAS E CONVÊNIOS ESTADUAIS-VINCULADOS";"272 - EDUCAÇÃO-FUNDEB-MAGISTÉRIO - PRÉ-ESCOLA";"00000 - CÓDIGO DE APLICAÇÃO NÃO CONTÉM/INFORMOU PARTE VARIÁVEL";"30000000 - DESPESAS CORRENTES";"31000000 - PESSOAL E ENCARGOS SOCIAIS";"31900000 - APLICAÇÕES DIRETAS";"31901300 - OBRIGAÇÕES PATRONAIS";"31901301 - FGTS";"INSCRIÇÃO GENÉRICA-OUTROS:56852";"FUNDO DE GARANTIA POR TEMPO DE SERVICO";"58";2019;"CONTRIBUICAO PATRONAL - 2019 ";2019/01/02 00:00:00.000;230000,0;34229,58;0,0;264229,58;230000,0
2019;"Itu";"EXECUTIVO";"PREFEITURA MUNICIPAL DE ITU";"SECRETARIA MUNICIPAL DE EDUCAÇÃO";"ENSINO FUNDAMENTAL";"OUTROS/NÃO APLICÁVEL";"12 - EDUCAÇÃO";"365 - EDUCAÇÃO INFANTIL";"2012 - ITU - CONSTRUINDO O FUTURO HOJE";"02230 - GESTAO DE RECURSOS HUMANOS";"02 - TRANSFERÊNCIAS E CONVÊNIOS ESTADUAIS-VINCULADOS";"272 - EDUCAÇÃO-FUNDEB-MAGISTÉRIO - PRÉ-ESCOLA";"00000 - CÓDIGO DE APLICAÇÃO NÃO CONTÉM/INFORMOU PARTE VARIÁVEL";"30000000 - DESPESAS CORRENTES";"31000000 - PESSOAL E ENCARGOS SOCIAIS";"31900000 - APLICAÇÕES DIRETAS";"31901300 - OBRIGAÇÕES PATRONAIS";"31901302 - CONTRIBUIÇÕES PREVIDENCIÁRIAS - INSS";"INSCRIÇÃO GENÉRICA-OUTROS:08060";"I.N.S.S. - INSTITUTO NACIONAL SEGURO SOCIAL";"94";2019;"CONTRIBUICAO PATRONAL - 2019 ";2019/01/02 00:00:00.000;770000,0;73613,91;0,0;843613,91;770000,0
2019;"Itu";"EXECUTIVO";"PREFEITURA MUNICIPAL DE ITU";"SECRETARIA MUNICIPAL DE EDUCAÇÃO";"ENSINO FUNDAMENTAL";"OUTROS/NÃO APLICÁVEL";"12 - EDUCAÇÃO";"365 - EDUCAÇÃO INFANTIL";"2012 - ITU - CONSTRUINDO O FUTURO HOJE";"02230 - GESTAO DE RECURSOS HUMANOS";"02 - TRANSFERÊNCIAS E CONVÊNIOS ESTADUAIS-VINCULADOS";"272 - EDUCAÇÃO-FUNDEB-MAGISTÉRIO - PRÉ-ESCOLA";"00000 - CÓDIGO DE APLICAÇÃO NÃO CONTÉM/INFORMOU PARTE VARIÁVEL";"30000000 - DESPESAS CORRENTES";"31000000 - PESSOAL E ENCARGOS SOCIAIS";"31900000 - APLICAÇÕES DIRETAS";"31901600 - OUTRAS DESPESAS VARIÁVEIS - PESSOAL CIVIL";"31901699 - OUTRAS DESPESAS VARIÁVEIS - PESSOAL CIVIL";"INSCRIÇÃO GENÉRICA-OUTROS:56854";"FOLHA DE PAGAMENTO";"290";2019;"FOLHA DE PAGAMENTO - 2019 ";2019/01/02 00:00:00.000;2400000,0;700000,0;0,0;3100000,0;3100000,0
2019;"Itu";"EXECUTIVO";"PREFEITURA MUNICIPAL DE ITU";"SECRETARIA MUNICIPAL DE EDUCAÇÃO";"ENSINO FUNDAMENTAL";"OUTROS/NÃO APLICÁVEL";"12 - EDUCAÇÃO";"365 - EDUCAÇÃO INFANTIL";"2012 - ITU - CONSTRUINDO O FUTURO HOJE";"02230 - GESTAO DE RECURSOS HUMANOS";"02 - TRANSFERÊNCIAS E CONVÊNIOS ESTADUAIS-VINCULADOS";"272 - EDUCAÇÃO-FUNDEB-MAGISTÉRIO - PRÉ-ESCOLA";"00000 - CÓDIGO DE APLICAÇÃO NÃO CONTÉM/INFORMOU PARTE VARIÁVEL";"30000000 - DESPESAS CORRENTES";"31000000 - PESSOAL E ENCARGOS SOCIAIS";"31900000 - APLICAÇÕES DIRETAS";"31909400 - INDENIZAÇÕES E RESTITUIÇÕES TRABALHISTAS";"31909415 - INDENIZAÇÕES POR DEMISSÃO";"INSCRIÇÃO GENÉRICA-OUTROS:56854";"FOLHA DE PAGAMENTO";"293";2019;"FOLHA DE PAGAMENTO - 2019 ";2019/01/02 00:00:00.000;1000,0;0,0;1000,0;0,0;0,0
2019;"Itu";"EXECUTIVO";"PREFEITURA MUNICIPAL DE ITU";"SECRETARIA MUNICIPAL DE EDUCAÇÃO";"ENSINO FUNDAMENTAL";"OUTROS/NÃO APLICÁVEL";"12 - EDUCAÇÃO";"365 - EDUCAÇÃO INFANTIL";"2012 - ITU - CONSTRUINDO O FUTURO HOJE";"02230 - GESTAO DE RECURSOS HUMANOS";"02 - TRANSFERÊNCIAS E CONVÊNIOS ESTADUAIS-VINCULADOS";"272 - EDUCAÇÃO-FUNDEB-MAGISTÉRIO - PRÉ-ESCOLA";"00000 - CÓDIGO DE APLICAÇÃO NÃO CONTÉM/INFORMOU PARTE VARIÁVEL";"30000000 - DESPESAS CORRENTES";"31000000 - PESSOAL E ENCARGOS SOCIAIS";"31910000 - APLICAÇÃO DIRETA DECORRENTE DE OPERAÇÃO ENTRE ÓRGÃOS, FUNDOS E ENTIDADES INTEGRANTES DOS ORÇAMENTOS FISCAL E DA SEGURIDADE SOCIAL ";"31911300 - OBRIGAÇÕES PATRONAIS - INTRA-ORÇAMENTÁRIO";"31911341 - CONTRIBUIÇÃO PATRONAL DO EXERCÍCIO PARA O RPPS - PESSOAL CIVIL ATIVO - INTRA-ORÇAMENTÁRIO";"INSCRIÇÃO GENÉRICA-OUTROS:62300";"INSTITUTO PREVID SOCIAL SERV MUN ITU-ITUPREV";"23";2019;"CONTRIBUICAO PATRONAL - 2019 ";2019/01/02 00:00:00.000;2000000,0;471346,19;0,0;2471346,19;2235106,89
2019;"Itu";"EXECUTIVO";"PREFEITURA MUNICIPAL DE ITU";"SECRETARIA MUNICIPAL DE EDUCAÇÃO";"ENSINO FUNDAMENTAL";"OUTROS/NÃO APLICÁVEL";"12 - EDUCAÇÃO";"365 - EDUCAÇÃO INFANTIL";"2012 - ITU - CONSTRUINDO O FUTURO HOJE";"02230 - GESTAO DE RECURSOS HUMANOS";"02 - TRANSFERÊNCIAS E CONVÊNIOS ESTADUAIS-VINCULADOS";"274 - EDUCAÇÃO-FUNDEB-OUTROS - PRÉ-ESCOLA";"00000 - CÓDIGO DE APLICAÇÃO NÃO CONTÉM/INFORMOU PARTE VARIÁVEL";"30000000 - DESPESAS CORRENTES";"31000000 - PESSOAL E ENCARGOS SOCIAIS";"31900000 - APLICAÇÕES DIRETAS";"31900500 - OUTROS BENEFÍCIOS PREVIDENCIÁRIOS DO SERVIDOR OU DO MILITAR";"31900501 - SALÁRIO FAMÍLIA - ATIVO - PESSOAL CIVIL";"INSCRIÇÃO GENÉRICA-OUTROS:56854";"FOLHA DE PAGAMENTO";"268";2019;"FOLHA DE PAGAMENTO - 2019 ";2019/01/02 00:00:00.000;10000,0;0,0;10000,0;0,0;0,0
2019;"Itu";"EXECUTIVO";"PREFEITURA MUNICIPAL DE ITU";"SECRETARIA MUNICIPAL DE EDUCAÇÃO";"ENSINO FUNDAMENTAL";"OUTROS/NÃO APLICÁVEL";"12 - EDUCAÇÃO";"365 - EDUCAÇÃO INFANTIL";"2012 - ITU - CONSTRUINDO O FUTURO HOJE";"02230 - GESTAO DE RECURSOS HUMANOS";"02 - TRANSFERÊNCIAS E CONVÊNIOS ESTADUAIS-VINCULADOS";"274 - EDUCAÇÃO-FUNDEB-OUTROS - PRÉ-ESCOLA";"00000 - CÓDIGO DE APLICAÇÃO NÃO CONTÉM/INFORMOU PARTE VARIÁVEL";"30000000 - DESPESAS CORRENTES";"31000000 - PESSOAL E ENCARGOS SOCIAIS";"31900000 - APLICAÇÕES DIRETAS";"31901100 - VENCIMENTOS E VANTAGENS FIXAS -  PESSOAL CIVIL";"31901101 - VENCIMENTOS E SALÁRIOS";"INSCRIÇÃO GENÉRICA-OUTROS:56854";"FOLHA DE PAGAMENTO";"285";2019;"FOLHA DE PAGAMENTO - 2019 ";2019/01/02 00:00:00.000;628000,0;0,0;125905,59;502094,41;502094,41
2019;"Itu";"EXECUTIVO";"PREFEITURA MUNICIPAL DE ITU";"SECRETARIA MUNICIPAL DE EDUCAÇÃO";"ENSINO FUNDAMENTAL";"OUTROS/NÃO APLICÁVEL";"12 - EDUCAÇÃO";"365 - EDUCAÇÃO INFANTIL";"2012 - ITU - CONSTRUINDO O FUTURO HOJE";"02230 - GESTAO DE RECURSOS HUMANOS";"02 - TRANSFERÊNCIAS E CONVÊNIOS ESTADUAIS-VINCULADOS";"274 - EDUCAÇÃO-FUNDEB-OUTROS - PRÉ-ESCOLA";"00000 - CÓDIGO DE APLICAÇÃO NÃO CONTÉM/INFORMOU PARTE VARIÁVEL";"30000000 - DESPESAS CORRENTES";"31000000 - PESSOAL E ENCARGOS SOCIAIS";"31900000 - APLICAÇÕES DIRETAS";"31901100 - VENCIMENTOS E VANTAGENS FIXAS -  PESSOAL CIVIL";"31901133 - GRATIFICAÇÃO POR EXERCÍCIO DE FUNÇÕES";"INSCRIÇÃO GENÉRICA-OUTROS:56854";"FOLHA DE PAGAMENTO";"286";2019;"FOLHA DE PAGAMENTO - 2019 ";2019/01/02 00:00:00.000;25000,0;4326,69;0,0;29326,69;29326,69
2019;"Itu";"EXECUTIVO";"PREFEITURA MUNICIPAL DE ITU";"SECRETARIA MUNICIPAL DE EDUCAÇÃO";"ENSINO FUNDAMENTAL";"OUTROS/NÃO APLICÁVEL";"12 - EDUCAÇÃO";"365 - EDUCAÇÃO INFANTIL";"2012 - ITU - CONSTRUINDO O FUTURO HOJE";"02230 - GESTAO DE RECURSOS HUMANOS";"02 - TRANSFERÊNCIAS E CONVÊNIOS ESTADUAIS-VINCULADOS";"274 - EDUCAÇÃO-FUNDEB-OUTROS - PRÉ-ESCOLA";"00000 - CÓDIGO DE APLICAÇÃO NÃO CONTÉM/INFORMOU PARTE VARIÁVEL";"30000000 - DESPESAS CORRENTES";"31000000 - PESSOAL E ENCARGOS SOCIAIS";"31900000 - APLICAÇÕES DIRETAS";"31901100 - VENCIMENTOS E VANTAGENS FIXAS -  PESSOAL CIVIL";"31901137 - GRATIFICAÇÃO POR TEMPO DE SERVIÇO";"INSCRIÇÃO GENÉRICA-OUTROS:56854";"FOLHA DE PAGAMENTO";"287";2019;"FOLHA DE PAGAMENTO - 2019 ";2019/01/02 00:00:00.000;75000,0;0,0;5090,93;69909,07;69909,07
2019;"Itu";"EXECUTIVO";"PREFEITURA MUNICIPAL DE ITU";"SECRETARIA MUNICIPAL DE EDUCAÇÃO";"ENSINO FUNDAMENTAL";"OUTROS/NÃO APLICÁVEL";"12 - EDUCAÇÃO";"365 - EDUCAÇÃO INFANTIL";"2012 - ITU - CONSTRUINDO O FUTURO HOJE";"02230 - GESTAO DE RECURSOS HUMANOS";"02 - TRANSFERÊNCIAS E CONVÊNIOS ESTADUAIS-VINCULADOS";"274 - EDUCAÇÃO-FUNDEB-OUTROS - PRÉ-ESCOLA";"00000 - CÓDIGO DE APLICAÇÃO NÃO CONTÉM/INFORMOU PARTE VARIÁVEL";"30000000 - DESPESAS CORRENTES";"31000000 - PESSOAL E ENCARGOS SOCIAIS";"31900000 - APLICAÇÕES DIRETAS";"31901100 - VENCIMENTOS E VANTAGENS FIXAS -  PESSOAL CIVIL";"31901199 - OUTRAS DESPESAS FIXAS - PESSOAL CIVIL";"INSCRIÇÃO GENÉRICA-OUTROS:56854";"FOLHA DE PAGAMENTO";"288";2019;"FOLHA DE PAGAMENTO - 2019 ";2019/01/02 00:00:00.000;10000,0;0,0;8324,07;1675,93;1675,93
2019;"Itu";"EXECUTIVO";"PREFEITURA MUNICIPAL DE ITU";"SECRETARIA MUNICIPAL DE EDUCAÇÃO";"ENSINO FUNDAMENTAL";"OUTROS/NÃO APLICÁVEL";"12 - EDUCAÇÃO";"365 - EDUCAÇÃO INFANTIL";"2012 - ITU - CONSTRUINDO O FUTURO HOJE";"02230 - GESTAO DE RECURSOS HUMANOS";"02 - TRANSFERÊNCIAS E CONVÊNIOS ESTADUAIS-VINCULADOS";"274 - EDUCAÇÃO-FUNDEB-OUTROS - PRÉ-ESCOLA";"00000 - CÓDIGO DE APLICAÇÃO NÃO CONTÉM/INFORMOU PARTE VARIÁVEL";"30000000 - DESPESAS CORRENTES";"31000000 - PESSOAL E ENCARGOS SOCIAIS";"31900000 - APLICAÇÕES DIRETAS";"31901300 - OBRIGAÇÕES PATRONAIS";"31901301 - FGTS";"INSCRIÇÃO GENÉRICA-OUTROS:56852";"FUNDO DE GARANTIA POR TEMPO DE SERVICO";"59";2019;"CONTRIBUICAO PATRONAL - 2019 ";2019/01/02 00:00:00.000;55000,0;0,0;0,0;55000,0;55000,0
2019;"Itu";"EXECUTIVO";"PREFEITURA MUNICIPAL DE ITU";"SECRETARIA MUNICIPAL DE EDUCAÇÃO";"ENSINO FUNDAMENTAL";"OUTROS/NÃO APLICÁVEL";"12 - EDUCAÇÃO";"365 - EDUCAÇÃO INFANTIL";"2012 - ITU - CONSTRUINDO O FUTURO HOJE";"02230 - GESTAO DE RECURSOS HUMANOS";"02 - TRANSFERÊNCIAS E CONVÊNIOS ESTADUAIS-VINCULADOS";"274 - EDUCAÇÃO-FUNDEB-OUTROS - PRÉ-ESCOLA";"00000 - CÓDIGO DE APLICAÇÃO NÃO CONTÉM/INFORMOU PARTE VARIÁVEL";"30000000 - DESPESAS CORRENTES";"31000000 - PESSOAL E ENCARGOS SOCIAIS";"31900000 - APLICAÇÕES DIRETAS";"31901300 - OBRIGAÇÕES PATRONAIS";"31901302 - CONTRIBUIÇÕES PREVIDENCIÁRIAS - INSS";"INSCRIÇÃO GENÉRICA-OUTROS:08060";"I.N.S.S. - INSTITUTO NACIONAL SEGURO SOCIAL";"95";2019;"CONTRIBUICAO PATRONAL - 2019 ";2019/01/02 00:00:00.000;105000,0;0,0;23134,75;81865,25;76404,41
2019;"Itu";"EXECUTIVO";"PREFEITURA MUNICIPAL DE ITU";"SECRETARIA MUNICIPAL DE EDUCAÇÃO";"ENSINO FUNDAMENTAL";"OUTROS/NÃO APLICÁVEL";"12 - EDUCAÇÃO";"365 - EDUCAÇÃO INFANTIL";"2012 - ITU - CONSTRUINDO O FUTURO HOJE";"02230 - GESTAO DE RECURSOS HUMANOS";"02 - TRANSFERÊNCIAS E CONVÊNIOS ESTADUAIS-VINCULADOS";"274 - EDUCAÇÃO-FUNDEB-OUTROS - PRÉ-ESCOLA";"00000 - CÓDIGO DE APLICAÇÃO NÃO CONTÉM/INFORMOU PARTE VARIÁVEL";"30000000 - DESPESAS CORRENTES";"31000000 - PESSOAL E ENCARGOS SOCIAIS";"31900000 - APLICAÇÕES DIRETAS";"31901600 - OUTRAS DESPESAS VARIÁVEIS - PESSOAL CIVIL";"31901699 - OUTRAS DESPESAS VARIÁVEIS - PESSOAL CIVIL";"INSCRIÇÃO GENÉRICA-OUTROS:56854";"FOLHA DE PAGAMENTO";"291";2019;"FOLHA DE PAGAMENTO - 2019 ";2019/01/02 00:00:00.000;5000,0;0,0;170,63;4829,37;4829,37
2019;"Itu";"EXECUTIVO";"PREFEITURA MUNICIPAL DE ITU";"SECRETARIA MUNICIPAL DE EDUCAÇÃO";"ENSINO FUNDAMENTAL";"OUTROS/NÃO APLICÁVEL";"12 - EDUCAÇÃO";"365 - EDUCAÇÃO INFANTIL";"2012 - ITU - CONSTRUINDO O FUTURO HOJE";"02230 - GESTAO DE RECURSOS HUMANOS";"02 - TRANSFERÊNCIAS E CONVÊNIOS ESTADUAIS-VINCULADOS";"274 - EDUCAÇÃO-FUNDEB-OUTROS - PRÉ-ESCOLA";"00000 - CÓDIGO DE APLICAÇÃO NÃO CONTÉM/INFORMOU PARTE VARIÁVEL";"30000000 - DESPESAS CORRENTES";"31000000 - PESSOAL E ENCARGOS SOCIAIS";"31900000 - APLICAÇÕES DIRETAS";"31909400 - INDENIZAÇÕES E RESTITUIÇÕES TRABALHISTAS";"31909415 - INDENIZAÇÕES POR DEMISSÃO";"INSCRIÇÃO GENÉRICA-OUTROS:56854";"FOLHA DE PAGAMENTO";"294";2019;"FOLHA DE PAGAMENTO - 2019 ";2019/01/02 00:00:00.000;10000,0;0,0;10000,0;0,0;0,0
2019;"Itu";"EXECUTIVO";"PREFEITURA MUNICIPAL DE ITU";"SECRETARIA MUNICIPAL DE EDUCAÇÃO";"ENSINO FUNDAMENTAL";"OUTROS/NÃO APLICÁVEL";"12 - EDUCAÇÃO";"365 - EDUCAÇÃO INFANTIL";"2012 - ITU - CONSTRUINDO O FUTURO HOJE";"02230 - GESTAO DE RECURSOS HUMANOS";"02 - TRANSFERÊNCIAS E CONVÊNIOS ESTADUAIS-VINCULADOS";"274 - EDUCAÇÃO-FUNDEB-OUTROS - PRÉ-ESCOLA";"00000 - CÓDIGO DE APLICAÇÃO NÃO CONTÉM/INFORMOU PARTE VARIÁVEL";"30000000 - DESPESAS CORRENTES";"31000000 - PESSOAL E ENCARGOS SOCIAIS";"31910000 - APLICAÇÃO DIRETA DECORRENTE DE OPERAÇÃO ENTRE ÓRGÃOS, FUNDOS E ENTIDADES INTEGRANTES DOS ORÇAMENTOS FISCAL E DA SEGURIDADE SOCIAL ";"31911300 - OBRIGAÇÕES PATRONAIS - INTRA-ORÇAMENTÁRIO";"31911341 - CONTRIBUIÇÃO PATRONAL DO EXERCÍCIO PARA O RPPS - PESSOAL CIVIL ATIVO - INTRA-ORÇAMENTÁRIO";"INSCRIÇÃO GENÉRICA-OUTROS:62300";"INSTITUTO PREVID SOCIAL SERV MUN ITU-ITUPREV";"24";2019;"CONTRIBUICAO PATRONAL - 2019 ";2019/01/02 00:00:00.000;10000,0;50000,0;18271,71;41728,29;27194,44
2019;"Itu";"EXECUTIVO";"PREFEITURA MUNICIPAL DE ITU";"SECRETARIA MUNICIPAL DE EDUCAÇÃO";"MERENDA ESCOLAR";"OUTROS/NÃO APLICÁVEL";"12 - EDUCAÇÃO";"366 - EDUCAÇÃO DE JOVENS E ADULTOS";"2012 - ITU - CONSTRUINDO O FUTURO HOJE";"02230 - GESTAO DE RECURSOS HUMANOS";"02 - TRANSFERÊNCIAS E CONVÊNIOS ESTADUAIS-VINCULADOS";"261 - EDUCAÇÃO - FUNDEB - MAGISTÉRIO";"00000 - CÓDIGO DE APLICAÇÃO NÃO CONTÉM/INFORMOU PARTE VARIÁVEL";"30000000 - DESPESAS CORRENTES";"31000000 - PESSOAL E ENCARGOS SOCIAIS";"31900000 - APLICAÇÕES DIRETAS";"31900500 - OUTROS BENEFÍCIOS PREVIDENCIÁRIOS DO SERVIDOR OU DO MILITAR";"31900501 - SALÁRIO FAMÍLIA - ATIVO - PESSOAL CIVIL";"INSCRIÇÃO GENÉRICA-OUTROS:56854";"FOLHA DE PAGAMENTO";"330";2019;"FOLHA DE PAGAMENTO - 2019 ";2019/01/02 00:00:00.000;10000,0;0,0;10000,0;0,0;0,0
2019;"Itu";"EXECUTIVO";"PREFEITURA MUNICIPAL DE ITU";"SECRETARIA MUNICIPAL DE EDUCAÇÃO";"MERENDA ESCOLAR";"OUTROS/NÃO APLICÁVEL";"12 - EDUCAÇÃO";"366 - EDUCAÇÃO DE JOVENS E ADULTOS";"2012 - ITU - CONSTRUINDO O FUTURO HOJE";"02230 - GESTAO DE RECURSOS HUMANOS";"02 - TRANSFERÊNCIAS E CONVÊNIOS ESTADUAIS-VINCULADOS";"261 - EDUCAÇÃO - FUNDEB - MAGISTÉRIO";"00000 - CÓDIGO DE APLICAÇÃO NÃO CONTÉM/INFORMOU PARTE VARIÁVEL";"30000000 - DESPESAS CORRENTES";"31000000 - PESSOAL E ENCARGOS SOCIAIS";"31900000 - APLICAÇÕES DIRETAS";"31901100 - VENCIMENTOS E VANTAGENS FIXAS -  PESSOAL CIVIL";"31901101 - VENCIMENTOS E SALÁRIOS";"INSCRIÇÃO GENÉRICA-OUTROS:56854";"FOLHA DE PAGAMENTO";"340";2019;"FOLHA DE PAGAMENTO - 2019 ";2019/01/02 00:00:00.000;1248000,0;247062,17;7000,0;1488062,17;1488062,17
2019;"Itu";"EXECUTIVO";"PREFEITURA MUNICIPAL DE ITU";"SECRETARIA MUNICIPAL DE EDUCAÇÃO";"MERENDA ESCOLAR";"OUTROS/NÃO APLICÁVEL";"12 - EDUCAÇÃO";"366 - EDUCAÇÃO DE JOVENS E ADULTOS";"2012 - ITU - CONSTRUINDO O FUTURO HOJE";"02230 - GESTAO DE RECURSOS HUMANOS";"02 - TRANSFERÊNCIAS E CONVÊNIOS ESTADUAIS-VINCULADOS";"261 - EDUCAÇÃO - FUNDEB - MAGISTÉRIO";"00000 - CÓDIGO DE APLICAÇÃO NÃO CONTÉM/INFORMOU PARTE VARIÁVEL";"30000000 - DESPESAS CORRENTES";"31000000 - PESSOAL E ENCARGOS SOCIAIS";"31900000 - APLICAÇÕES DIRETAS";"31901100 - VENCIMENTOS E VANTAGENS FIXAS -  PESSOAL CIVIL";"31901105 - INCORPORAÇÕES";"INSCRIÇÃO GENÉRICA-OUTROS:56854";"FOLHA DE PAGAMENTO";"341";2019;"FOLHA DE PAGAMENTO - 2019 ";2019/01/02 00:00:00.000;13000,0;8500,0;311,17;21188,83;21188,83
2019;"Itu";"EXECUTIVO";"PREFEITURA MUNICIPAL DE ITU";"SECRETARIA MUNICIPAL DE EDUCAÇÃO";"MERENDA ESCOLAR";"OUTROS/NÃO APLICÁVEL";"12 - EDUCAÇÃO";"366 - EDUCAÇÃO DE JOVENS E ADULTOS";"2012 - ITU - CONSTRUINDO O FUTURO HOJE";"02230 - GESTAO DE RECURSOS HUMANOS";"02 - TRANSFERÊNCIAS E CONVÊNIOS ESTADUAIS-VINCULADOS";"261 - EDUCAÇÃO - FUNDEB - MAGISTÉRIO";"00000 - CÓDIGO DE APLICAÇÃO NÃO CONTÉM/INFORMOU PARTE VARIÁVEL";"30000000 - DESPESAS CORRENTES";"31000000 - PESSOAL E ENCARGOS SOCIAIS";"31900000 - APLICAÇÕES DIRETAS";"31901100 - VENCIMENTOS E VANTAGENS FIXAS -  PESSOAL CIVIL";"31901107 - ABONO DE PERMANÊNCIA";"INSCRIÇÃO GENÉRICA-OUTROS:56854";"FOLHA DE PAGAMENTO";"3612";2019;"FOLHA DE PAGAMENTO - 2019 ";2019/04/29 00:00:00.000;2000,0;1000,0;670,34;2329,66;2329,66
2019;"Itu";"EXECUTIVO";"PREFEITURA MUNICIPAL DE ITU";"SECRETARIA MUNICIPAL DE EDUCAÇÃO";"MERENDA ESCOLAR";"OUTROS/NÃO APLICÁVEL";"12 - EDUCAÇÃO";"366 - EDUCAÇÃO DE JOVENS E ADULTOS";"2012 - ITU - CONSTRUINDO O FUTURO HOJE";"02230 - GESTAO DE RECURSOS HUMANOS";"02 - TRANSFERÊNCIAS E CONVÊNIOS ESTADUAIS-VINCULADOS";"261 - EDUCAÇÃO - FUNDEB - MAGISTÉRIO";"00000 - CÓDIGO DE APLICAÇÃO NÃO CONTÉM/INFORMOU PARTE VARIÁVEL";"30000000 - DESPESAS CORRENTES";"31000000 - PESSOAL E ENCARGOS SOCIAIS";"31900000 - APLICAÇÕES DIRETAS";"31901100 - VENCIMENTOS E VANTAGENS FIXAS -  PESSOAL CIVIL";"31901131 - GRATIFICAÇÕES POR EXERCÍCIO DE CARGO";"INSCRIÇÃO GENÉRICA-OUTROS:56854";"FOLHA DE PAGAMENTO";"342";2019;"FOLHA DE PAGAMENTO - 2019 ";2019/01/02 00:00:00.000;39500,0;0,0;7291,84;32208,16;32208,16
2019;"Itu";"EXECUTIVO";"PREFEITURA MUNICIPAL DE ITU";"SECRETARIA MUNICIPAL DE EDUCAÇÃO";"MERENDA ESCOLAR";"OUTROS/NÃO APLICÁVEL";"12 - EDUCAÇÃO";"366 - EDUCAÇÃO DE JOVENS E ADULTOS";"2012 - ITU - CONSTRUINDO O FUTURO HOJE";"02230 - GESTAO DE RECURSOS HUMANOS";"02 - TRANSFERÊNCIAS E CONVÊNIOS ESTADUAIS-VINCULADOS";"261 - EDUCAÇÃO - FUNDEB - MAGISTÉRIO";"00000 - CÓDIGO DE APLICAÇÃO NÃO CONTÉM/INFORMOU PARTE VARIÁVEL";"30000000 - DESPESAS CORRENTES";"31000000 - PESSOAL E ENCARGOS SOCIAIS";"31900000 - APLICAÇÕES DIRETAS";"31901100 - VENCIMENTOS E VANTAGENS FIXAS -  PESSOAL CIVIL";"31901133 - GRATIFICAÇÃO POR EXERCÍCIO DE FUNÇÕES";"INSCRIÇÃO GENÉRICA-OUTROS:56854";"FOLHA DE PAGAMENTO";"343";2019;"FOLHA DE PAGAMENTO - 2019 ";2019/01/02 00:00:00.000;106500,0;5760,04;0,0;112260,04;112260,04
2019;"Itu";"EXECUTIVO";"PREFEITURA MUNICIPAL DE ITU";"SECRETARIA MUNICIPAL DE EDUCAÇÃO";"MERENDA ESCOLAR";"OUTROS/NÃO APLICÁVEL";"12 - EDUCAÇÃO";"366 - EDUCAÇÃO DE JOVENS E ADULTOS";"2012 - ITU - CONSTRUINDO O FUTURO HOJE";"02230 - GESTAO DE RECURSOS HUMANOS";"02 - TRANSFERÊNCIAS E CONVÊNIOS ESTADUAIS-VINCULADOS";"261 - EDUCAÇÃO - FUNDEB - MAGISTÉRIO";"00000 - CÓDIGO DE APLICAÇÃO NÃO CONTÉM/INFORMOU PARTE VARIÁVEL";"30000000 - DESPESAS CORRENTES";"31000000 - PESSOAL E ENCARGOS SOCIAIS";"31900000 - APLICAÇÕES DIRETAS";"31901100 - VENCIMENTOS E VANTAGENS FIXAS -  PESSOAL CIVIL";"31901137 - GRATIFICAÇÃO POR TEMPO DE SERVIÇO";"INSCRIÇÃO GENÉRICA-OUTROS:56854";"FOLHA DE PAGAMENTO";"344";2019;"FOLHA DE PAGAMENTO - 2019 ";2019/01/02 00:00:00.000;169500,0;133862,31;0,0;303362,31;303362,31
2019;"Itu";"EXECUTIVO";"PREFEITURA MUNICIPAL DE ITU";"SECRETARIA MUNICIPAL DE EDUCAÇÃO";"MERENDA ESCOLAR";"OUTROS/NÃO APLICÁVEL";"12 - EDUCAÇÃO";"366 - EDUCAÇÃO DE JOVENS E ADULTOS";"2012 - ITU - CONSTRUINDO O FUTURO HOJE";"02230 - GESTAO DE RECURSOS HUMANOS";"02 - TRANSFERÊNCIAS E CONVÊNIOS ESTADUAIS-VINCULADOS";"261 - EDUCAÇÃO - FUNDEB - MAGISTÉRIO";"00000 - CÓDIGO DE APLICAÇÃO NÃO CONTÉM/INFORMOU PARTE VARIÁVEL";"30000000 - DESPESAS CORRENTES";"31000000 - PESSOAL E ENCARGOS SOCIAIS";"31900000 - APLICAÇÕES DIRETAS";"31901100 - VENCIMENTOS E VANTAGENS FIXAS -  PESSOAL CIVIL";"31901143 - 13º SALÁRIO";"INSCRIÇÃO GENÉRICA-OUTROS:56854";"FOLHA DE PAGAMENTO";"345";2019;"FOLHA DE PAGAMENTO - 2019 ";2019/01/02 00:00:00.000;20000,0;0,0;20000,0;0,0;0,0
2019;"Itu";"EXECUTIVO";"PREFEITURA MUNICIPAL DE ITU";"SECRETARIA MUNICIPAL DE EDUCAÇÃO";"MERENDA ESCOLAR";"OUTROS/NÃO APLICÁVEL";"12 - EDUCAÇÃO";"366 - EDUCAÇÃO DE JOVENS E ADULTOS";"2012 - ITU - CONSTRUINDO O FUTURO HOJE";"02230 - GESTAO DE RECURSOS HUMANOS";"02 - TRANSFERÊNCIAS E CONVÊNIOS ESTADUAIS-VINCULADOS";"261 - EDUCAÇÃO - FUNDEB - MAGISTÉRIO";"00000 - CÓDIGO DE APLICAÇÃO NÃO CONTÉM/INFORMOU PARTE VARIÁVEL";"30000000 - DESPESAS CORRENTES";"31000000 - PESSOAL E ENCARGOS SOCIAIS";"31900000 - APLICAÇÕES DIRETAS";"31901100 - VENCIMENTOS E VANTAGENS FIXAS -  PESSOAL CIVIL";"31901145 - FÉRIAS - ABONO CONSTITUCIONAL";"INSCRIÇÃO GENÉRICA-OUTROS:56854";"FOLHA DE PAGAMENTO";"346";2019;"FOLHA DE PAGAMENTO - 2019 ";2019/01/02 00:00:00.000;97500,0;0,0;97500,0;0,0;0,0
2019;"Itu";"EXECUTIVO";"PREFEITURA MUNICIPAL DE ITU";"SECRETARIA MUNICIPAL DE EDUCAÇÃO";"MERENDA ESCOLAR";"OUTROS/NÃO APLICÁVEL";"12 - EDUCAÇÃO";"366 - EDUCAÇÃO DE JOVENS E ADULTOS";"2012 - ITU - CONSTRUINDO O FUTURO HOJE";"02230 - GESTAO DE RECURSOS HUMANOS";"02 - TRANSFERÊNCIAS E CONVÊNIOS ESTADUAIS-VINCULADOS";"261 - EDUCAÇÃO - FUNDEB - MAGISTÉRIO";"00000 - CÓDIGO DE APLICAÇÃO NÃO CONTÉM/INFORMOU PARTE VARIÁVEL";"30000000 - DESPESAS CORRENTES";"31000000 - PESSOAL E ENCARGOS SOCIAIS";"31900000 - APLICAÇÕES DIRETAS";"31901100 - VENCIMENTOS E VANTAGENS FIXAS -  PESSOAL CIVIL";"31901199 - OUTRAS DESPESAS FIXAS - PESSOAL CIVIL";"INSCRIÇÃO GENÉRICA-OUTROS:56854";"FOLHA DE PAGAMENTO";"347";2019;"FOLHA DE PAGAMENTO - 2019 ";2019/01/02 00:00:00.000;6000,0;0,0;3761,18;2238,82;2238,82
2019;"Itu";"EXECUTIVO";"PREFEITURA MUNICIPAL DE ITU";"SECRETARIA MUNICIPAL DE EDUCAÇÃO";"MERENDA ESCOLAR";"OUTROS/NÃO APLICÁVEL";"12 - EDUCAÇÃO";"366 - EDUCAÇÃO DE JOVENS E ADULTOS";"2012 - ITU - CONSTRUINDO O FUTURO HOJE";"02230 - GESTAO DE RECURSOS HUMANOS";"02 - TRANSFERÊNCIAS E CONVÊNIOS ESTADUAIS-VINCULADOS";"261 - EDUCAÇÃO - FUNDEB - MAGISTÉRIO";"00000 - CÓDIGO DE APLICAÇÃO NÃO CONTÉM/INFORMOU PARTE VARIÁVEL";"30000000 - DESPESAS CORRENTES";"31000000 - PESSOAL E ENCARGOS SOCIAIS";"31900000 - APLICAÇÕES DIRETAS";"31901300 - OBRIGAÇÕES PATRONAIS";"31901301 - FGTS";"INSCRIÇÃO GENÉRICA-OUTROS:56852";"FUNDO DE GARANTIA POR TEMPO DE SERVICO";"64";2019;"CONTRIBUICAO PATRONAL - 2019 ";2019/01/02 00:00:00.000;66000,0;0,0;0,0;66000,0;66000,0
2019;"Itu";"EXECUTIVO";"PREFEITURA MUNICIPAL DE ITU";"SECRETARIA MUNICIPAL DE EDUCAÇÃO";"MERENDA ESCOLAR";"OUTROS/NÃO APLICÁVEL";"12 - EDUCAÇÃO";"366 - EDUCAÇÃO DE JOVENS E ADULTOS";"2012 - ITU - CONSTRUINDO O FUTURO HOJE";"02230 - GESTAO DE RECURSOS HUMANOS";"02 - TRANSFERÊNCIAS E CONVÊNIOS ESTADUAIS-VINCULADOS";"261 - EDUCAÇÃO - FUNDEB - MAGISTÉRIO";"00000 - CÓDIGO DE APLICAÇÃO NÃO CONTÉM/INFORMOU PARTE VARIÁVEL";"30000000 - DESPESAS CORRENTES";"31000000 - PESSOAL E ENCARGOS SOCIAIS";"31900000 - APLICAÇÕES DIRETAS";"31901300 - OBRIGAÇÕES PATRONAIS";"31901302 - CONTRIBUIÇÕES PREVIDENCIÁRIAS - INSS";"INSCRIÇÃO GENÉRICA-OUTROS:08060";"I.N.S.S. - INSTITUTO NACIONAL SEGURO SOCIAL";"100";2019;"CONTRIBUICAO PATRONAL - 2019 ";2019/01/02 00:00:00.000;171000,0;28957,24;28743,6;171213,64;142256,4
2019;"Itu";"EXECUTIVO";"PREFEITURA MUNICIPAL DE ITU";"SECRETARIA MUNICIPAL DE EDUCAÇÃO";"MERENDA ESCOLAR";"OUTROS/NÃO APLICÁVEL";"12 - EDUCAÇÃO";"366 - EDUCAÇÃO DE JOVENS E ADULTOS";"2012 - ITU - CONSTRUINDO O FUTURO HOJE";"02230 - GESTAO DE RECURSOS HUMANOS";"02 - TRANSFERÊNCIAS E CONVÊNIOS ESTADUAIS-VINCULADOS";"261 - EDUCAÇÃO - FUNDEB - MAGISTÉRIO";"00000 - CÓDIGO DE APLICAÇÃO NÃO CONTÉM/INFORMOU PARTE VARIÁVEL";"30000000 - DESPESAS CORRENTES";"31000000 - PESSOAL E ENCARGOS SOCIAIS";"31900000 - APLICAÇÕES DIRETAS";"31901600 - OUTRAS DESPESAS VARIÁVEIS - PESSOAL CIVIL";"31901699 - OUTRAS DESPESAS VARIÁVEIS - PESSOAL CIVIL";"INSCRIÇÃO GENÉRICA-OUTROS:56854";"FOLHA DE PAGAMENTO";"351";2019;"FOLHA DE PAGAMENTO - 2019 ";2019/01/02 00:00:00.000;300000,0;61290,9;0,0;361290,9;361290,9
2019;"Itu";"EXECUTIVO";"PREFEITURA MUNICIPAL DE ITU";"SECRETARIA MUNICIPAL DE EDUCAÇÃO";"MERENDA ESCOLAR";"OUTROS/NÃO APLICÁVEL";"12 - EDUCAÇÃO";"366 - EDUCAÇÃO DE JOVENS E ADULTOS";"2012 - ITU - CONSTRUINDO O FUTURO HOJE";"02230 - GESTAO DE RECURSOS HUMANOS";"02 - TRANSFERÊNCIAS E CONVÊNIOS ESTADUAIS-VINCULADOS";"261 - EDUCAÇÃO - FUNDEB - MAGISTÉRIO";"00000 - CÓDIGO DE APLICAÇÃO NÃO CONTÉM/INFORMOU PARTE VARIÁVEL";"30000000 - DESPESAS CORRENTES";"31000000 - PESSOAL E ENCARGOS SOCIAIS";"31900000 - APLICAÇÕES DIRETAS";"31909400 - INDENIZAÇÕES E RESTITUIÇÕES TRABALHISTAS";"31909415 - INDENIZAÇÕES POR DEMISSÃO";"INSCRIÇÃO GENÉRICA-OUTROS:56854";"FOLHA DE PAGAMENTO";"354";2019;"FOLHA DE PAGAMENTO - 2019 ";2019/01/02 00:00:00.000;5000,0;0,0;5000,0;0,0;0,0
2019;"Itu";"EXECUTIVO";"PREFEITURA MUNICIPAL DE ITU";"SECRETARIA MUNICIPAL DE EDUCAÇÃO";"MERENDA ESCOLAR";"OUTROS/NÃO APLICÁVEL";"12 - EDUCAÇÃO";"366 - EDUCAÇÃO DE JOVENS E ADULTOS";"2012 - ITU - CONSTRUINDO O FUTURO HOJE";"02230 - GESTAO DE RECURSOS HUMANOS";"02 - TRANSFERÊNCIAS E CONVÊNIOS ESTADUAIS-VINCULADOS";"261 - EDUCAÇÃO - FUNDEB - MAGISTÉRIO";"00000 - CÓDIGO DE APLICAÇÃO NÃO CONTÉM/INFORMOU PARTE VARIÁVEL";"30000000 - DESPESAS CORRENTES";"31000000 - PESSOAL E ENCARGOS SOCIAIS";"31910000 - APLICAÇÃO DIRETA DECORRENTE DE OPERAÇÃO ENTRE ÓRGÃOS, FUNDOS E ENTIDADES INTEGRANTES DOS ORÇAMENTOS FISCAL E DA SEGURIDADE SOCIAL ";"31911300 - OBRIGAÇÕES PATRONAIS - INTRA-ORÇAMENTÁRIO";"31911341 - CONTRIBUIÇÃO PATRONAL DO EXERCÍCIO PARA O RPPS - PESSOAL CIVIL ATIVO - INTRA-ORÇAMENTÁRIO";"INSCRIÇÃO GENÉRICA-OUTROS:62300";"INSTITUTO PREVID SOCIAL SERV MUN ITU-ITUPREV";"29";2019;"CONTRIBUICAO PATRONAL - 2019 ";2019/01/02 00:00:00.000;233000,0;1396,42;15835,15;218561,27;217164,85
2019;"Itu";"EXECUTIVO";"PREFEITURA MUNICIPAL DE ITU";"SECRETARIA MUNICIPAL DE EDUCAÇÃO";"MERENDA ESCOLAR";"OUTROS/NÃO APLICÁVEL";"12 - EDUCAÇÃO";"366 - EDUCAÇÃO DE JOVENS E ADULTOS";"2012 - ITU - CONSTRUINDO O FUTURO HOJE";"02230 - GESTAO DE RECURSOS HUMANOS";"02 - TRANSFERÊNCIAS E CONVÊNIOS ESTADUAIS-VINCULADOS";"262 - EDUCAÇÃO - FUNDEB - OUTROS";"00000 - CÓDIGO DE APLICAÇÃO NÃO CONTÉM/INFORMOU PARTE VARIÁVEL";"30000000 - DESPESAS CORRENTES";"31000000 - PESSOAL E ENCARGOS SOCIAIS";"31900000 - APLICAÇÕES DIRETAS";"31900500 - OUTROS BENEFÍCIOS PREVIDENCIÁRIOS DO SERVIDOR OU DO MILITAR";"31900501 - SALÁRIO FAMÍLIA - ATIVO - PESSOAL CIVIL";"INSCRIÇÃO GENÉRICA-OUTROS:56854";"FOLHA DE PAGAMENTO";"331";2019;"FOLHA DE PAGAMENTO - 2019 ";2019/01/02 00:00:00.000;5000,0;0,0;5000,0;0,0;0,0
2019;"Itu";"EXECUTIVO";"PREFEITURA MUNICIPAL DE ITU";"SECRETARIA MUNICIPAL DE EDUCAÇÃO";"MERENDA ESCOLAR";"OUTROS/NÃO APLICÁVEL";"12 - EDUCAÇÃO";"366 - EDUCAÇÃO DE JOVENS E ADULTOS";"2012 - ITU - CONSTRUINDO O FUTURO HOJE";"02230 - GESTAO DE RECURSOS HUMANOS";"02 - TRANSFERÊNCIAS E CONVÊNIOS ESTADUAIS-VINCULADOS";"262 - EDUCAÇÃO - FUNDEB - OUTROS";"00000 - CÓDIGO DE APLICAÇÃO NÃO CONTÉM/INFORMOU PARTE VARIÁVEL";"30000000 - DESPESAS CORRENTES";"31000000 - PESSOAL E ENCARGOS SOCIAIS";"31900000 - APLICAÇÕES DIRETAS";"31901100 - VENCIMENTOS E VANTAGENS FIXAS -  PESSOAL CIVIL";"31901101 - VENCIMENTOS E SALÁRIOS";"INSCRIÇÃO GENÉRICA-OUTROS:56854";"FOLHA DE PAGAMENTO";"348";2019;"FOLHA DE PAGAMENTO - 2019 ";2019/01/02 00:00:00.000;25000,0;0,0;13945,88;11054,12;11054,12
2019;"Itu";"EXECUTIVO";"PREFEITURA MUNICIPAL DE ITU";"SECRETARIA MUNICIPAL DE EDUCAÇÃO";"MERENDA ESCOLAR";"OUTROS/NÃO APLICÁVEL";"12 - EDUCAÇÃO";"366 - EDUCAÇÃO DE JOVENS E ADULTOS";"2012 - ITU - CONSTRUINDO O FUTURO HOJE";"02230 - GESTAO DE RECURSOS HUMANOS";"02 - TRANSFERÊNCIAS E CONVÊNIOS ESTADUAIS-VINCULADOS";"262 - EDUCAÇÃO - FUNDEB - OUTROS";"00000 - CÓDIGO DE APLICAÇÃO NÃO CONTÉM/INFORMOU PARTE VARIÁVEL";"30000000 - DESPESAS CORRENTES";"31000000 - PESSOAL E ENCARGOS SOCIAIS";"31900000 - APLICAÇÕES DIRETAS";"31901100 - VENCIMENTOS E VANTAGENS FIXAS -  PESSOAL CIVIL";"31901131 - GRATIFICAÇÕES POR EXERCÍCIO DE CARGO";"INSCRIÇÃO GENÉRICA-OUTROS:56854";"FOLHA DE PAGAMENTO";"349";2019;"FOLHA DE PAGAMENTO - 2019 ";2019/01/02 00:00:00.000;5000,0;0,0;4941,81;58,19;58,19
2019;"Itu";"EXECUTIVO";"PREFEITURA MUNICIPAL DE ITU";"SECRETARIA MUNICIPAL DE EDUCAÇÃO";"MERENDA ESCOLAR";"OUTROS/NÃO APLICÁVEL";"12 - EDUCAÇÃO";"366 - EDUCAÇÃO DE JOVENS E ADULTOS";"2012 - ITU - CONSTRUINDO O FUTURO HOJE";"02230 - GESTAO DE RECURSOS HUMANOS";"02 - TRANSFERÊNCIAS E CONVÊNIOS ESTADUAIS-VINCULADOS";"262 - EDUCAÇÃO - FUNDEB - OUTROS";"00000 - CÓDIGO DE APLICAÇÃO NÃO CONTÉM/INFORMOU PARTE VARIÁVEL";"30000000 - DESPESAS CORRENTES";"31000000 - PESSOAL E ENCARGOS SOCIAIS";"31900000 - APLICAÇÕES DIRETAS";"31901300 - OBRIGAÇÕES PATRONAIS";"31901301 - FGTS";"INSCRIÇÃO GENÉRICA-OUTROS:56852";"FUNDO DE GARANTIA POR TEMPO DE SERVICO";"65";2019;"CONTRIBUICAO PATRONAL - 2019 ";2019/01/02 00:00:00.000;10000,0;0,0;10000,0;0,0;0,0
2019;"Itu";"EXECUTIVO";"PREFEITURA MUNICIPAL DE ITU";"SECRETARIA MUNICIPAL DE EDUCAÇÃO";"MERENDA ESCOLAR";"OUTROS/NÃO APLICÁVEL";"12 - EDUCAÇÃO";"366 - EDUCAÇÃO DE JOVENS E ADULTOS";"2012 - ITU - CONSTRUINDO O FUTURO HOJE";"02230 - GESTAO DE RECURSOS HUMANOS";"02 - TRANSFERÊNCIAS E CONVÊNIOS ESTADUAIS-VINCULADOS";"262 - EDUCAÇÃO - FUNDEB - OUTROS";"00000 - CÓDIGO DE APLICAÇÃO NÃO CONTÉM/INFORMOU PARTE VARIÁVEL";"30000000 - DESPESAS CORRENTES";"31000000 - PESSOAL E ENCARGOS SOCIAIS";"31900000 - APLICAÇÕES DIRETAS";"31901300 - OBRIGAÇÕES PATRONAIS";"31901302 - CONTRIBUIÇÕES PREVIDENCIÁRIAS - INSS";"INSCRIÇÃO GENÉRICA-OUTROS:08060";"I.N.S.S. - INSTITUTO NACIONAL SEGURO SOCIAL";"101";2019;"CONTRIBUICAO PATRONAL - 2019 ";2019/01/02 00:00:00.000;20000,0;0,0;20000,0;0,0;0,0
2019;"Itu";"EXECUTIVO";"PREFEITURA MUNICIPAL DE ITU";"SECRETARIA MUNICIPAL DE EDUCAÇÃO";"MERENDA ESCOLAR";"OUTROS/NÃO APLICÁVEL";"12 - EDUCAÇÃO";"366 - EDUCAÇÃO DE JOVENS E ADULTOS";"2012 - ITU - CONSTRUINDO O FUTURO HOJE";"02230 - GESTAO DE RECURSOS HUMANOS";"02 - TRANSFERÊNCIAS E CONVÊNIOS ESTADUAIS-VINCULADOS";"262 - EDUCAÇÃO - FUNDEB - OUTROS";"00000 - CÓDIGO DE APLICAÇÃO NÃO CONTÉM/INFORMOU PARTE VARIÁVEL";"30000000 - DESPESAS CORRENTES";"31000000 - PESSOAL E ENCARGOS SOCIAIS";"31900000 - APLICAÇÕES DIRETAS";"31901600 - OUTRAS DESPESAS VARIÁVEIS - PESSOAL CIVIL";"31901699 - OUTRAS DESPESAS VARIÁVEIS - PESSOAL CIVIL";"INSCRIÇÃO GENÉRICA-OUTROS:56854";"FOLHA DE PAGAMENTO";"352";2019;"FOLHA DE PAGAMENTO - 2019 ";2019/01/02 00:00:00.000;7000,0;0,0;6801,71;198,29;198,29
2019;"Itu";"EXECUTIVO";"PREFEITURA MUNICIPAL DE ITU";"SECRETARIA MUNICIPAL DE EDUCAÇÃO";"MERENDA ESCOLAR";"OUTROS/NÃO APLICÁVEL";"12 - EDUCAÇÃO";"366 - EDUCAÇÃO DE JOVENS E ADULTOS";"2012 - ITU - CONSTRUINDO O FUTURO HOJE";"02230 - GESTAO DE RECURSOS HUMANOS";"02 - TRANSFERÊNCIAS E CONVÊNIOS ESTADUAIS-VINCULADOS";"262 - EDUCAÇÃO - FUNDEB - OUTROS";"00000 - CÓDIGO DE APLICAÇÃO NÃO CONTÉM/INFORMOU PARTE VARIÁVEL";"30000000 - DESPESAS CORRENTES";"31000000 - PESSOAL E ENCARGOS SOCIAIS";"31900000 - APLICAÇÕES DIRETAS";"31909400 - INDENIZAÇÕES E RESTITUIÇÕES TRABALHISTAS";"31909415 - INDENIZAÇÕES POR DEMISSÃO";"INSCRIÇÃO GENÉRICA-OUTROS:56854";"FOLHA DE PAGAMENTO";"355";2019;"FOLHA DE PAGAMENTO - 2019 ";2019/01/02 00:00:00.000;5000,0;0,0;5000,0;0,0;0,0
